-- MariaDB dump 10.19  Distrib 10.4.32-MariaDB, for Win64 (AMD64)
--
-- Host: localhost    Database: complaintsdb
-- ------------------------------------------------------
-- Server version	10.4.32-MariaDB

/*!40101 SET @OLD_CHARACTER_SET_CLIENT=@@CHARACTER_SET_CLIENT */;
/*!40101 SET @OLD_CHARACTER_SET_RESULTS=@@CHARACTER_SET_RESULTS */;
/*!40101 SET @OLD_COLLATION_CONNECTION=@@COLLATION_CONNECTION */;
/*!40101 SET NAMES utf8mb4 */;
/*!40103 SET @OLD_TIME_ZONE=@@TIME_ZONE */;
/*!40103 SET TIME_ZONE='+00:00' */;
/*!40014 SET @OLD_UNIQUE_CHECKS=@@UNIQUE_CHECKS, UNIQUE_CHECKS=0 */;
/*!40014 SET @OLD_FOREIGN_KEY_CHECKS=@@FOREIGN_KEY_CHECKS, FOREIGN_KEY_CHECKS=0 */;
/*!40101 SET @OLD_SQL_MODE=@@SQL_MODE, SQL_MODE='NO_AUTO_VALUE_ON_ZERO' */;
/*!40111 SET @OLD_SQL_NOTES=@@SQL_NOTES, SQL_NOTES=0 */;

--
-- Table structure for table `audit_logs`
--

DROP TABLE IF EXISTS `audit_logs`;
/*!40101 SET @saved_cs_client     = @@character_set_client */;
/*!40101 SET character_set_client = utf8 */;
CREATE TABLE `audit_logs` (
  `id` bigint(20) unsigned NOT NULL AUTO_INCREMENT,
  `user_id` bigint(20) unsigned DEFAULT NULL,
  `module` varchar(255) NOT NULL,
  `action` varchar(255) NOT NULL,
  `description` text DEFAULT NULL,
  `old_values` longtext CHARACTER SET utf8mb4 COLLATE utf8mb4_bin DEFAULT NULL CHECK (json_valid(`old_values`)),
  `new_values` longtext CHARACTER SET utf8mb4 COLLATE utf8mb4_bin DEFAULT NULL CHECK (json_valid(`new_values`)),
  `ip_address` varchar(255) DEFAULT NULL,
  `user_agent` varchar(255) DEFAULT NULL,
  `created_at` timestamp NULL DEFAULT NULL,
  `updated_at` timestamp NULL DEFAULT NULL,
  PRIMARY KEY (`id`)
) ENGINE=InnoDB AUTO_INCREMENT=3 DEFAULT CHARSET=utf8mb4 COLLATE=utf8mb4_unicode_ci;
/*!40101 SET character_set_client = @saved_cs_client */;

--
-- Dumping data for table `audit_logs`
--

LOCK TABLES `audit_logs` WRITE;
/*!40000 ALTER TABLE `audit_logs` DISABLE KEYS */;
INSERT INTO `audit_logs` VALUES (1,1,'departments','create','تم إنشاء قسم جديد',NULL,'{\"name\":\"ITE 7\",\"description\":\"Tech\",\"updated_at\":\"2025-12-08T06:53:39.000000Z\",\"created_at\":\"2025-12-08T06:53:39.000000Z\",\"id\":5}','127.0.0.1','HoppscotchKernel/0.2.0','2025-12-08 03:53:39','2025-12-08 03:53:39'),(2,1,'departments','update','تم تحديث بيانات القسم','{\"id\":3,\"name\":\"ITE 5\",\"description\":\"Tech\",\"created_at\":\"2025-12-08T06:49:26.000000Z\",\"updated_at\":\"2025-12-08T06:49:26.000000Z\"}','{\"id\":3,\"name\":\"healthy1\",\"description\":\"bhsbhkdwjewedw\",\"created_at\":\"2025-12-08T06:49:26.000000Z\",\"updated_at\":\"2025-12-08T06:54:38.000000Z\"}','127.0.0.1','HoppscotchKernel/0.2.0','2025-12-08 03:54:38','2025-12-08 03:54:38');
/*!40000 ALTER TABLE `audit_logs` ENABLE KEYS */;
UNLOCK TABLES;

--
-- Table structure for table `cache`
--

DROP TABLE IF EXISTS `cache`;
/*!40101 SET @saved_cs_client     = @@character_set_client */;
/*!40101 SET character_set_client = utf8 */;
CREATE TABLE `cache` (
  `key` varchar(255) NOT NULL,
  `value` mediumtext NOT NULL,
  `expiration` int(11) NOT NULL,
  PRIMARY KEY (`key`)
) ENGINE=InnoDB DEFAULT CHARSET=utf8mb4 COLLATE=utf8mb4_unicode_ci;
/*!40101 SET character_set_client = @saved_cs_client */;

--
-- Dumping data for table `cache`
--

LOCK TABLES `cache` WRITE;
/*!40000 ALTER TABLE `cache` DISABLE KEYS */;
INSERT INTO `cache` VALUES ('laravel-cache-5c785c036466adea360111aa28563bfd556b5fba','i:1;',1764536327),('laravel-cache-5c785c036466adea360111aa28563bfd556b5fba:timer','i:1764536327;',1764536327),('laravel-cache-login:127.0.0.1:aaa@gmail.com','i:1;',1764536327),('laravel-cache-login:127.0.0.1:aaa@gmail.com:timer','i:1764536327;',1764536327),('laravel-cache-login:127.0.0.1:aboud@gmail.com','i:1;',1764536336),('laravel-cache-login:127.0.0.1:aboud@gmail.com:timer','i:1764536336;',1764536336),('laravel-cache-login:127.0.0.1:aboudowais1@gmail.com','i:1;',1764125137),('laravel-cache-login:127.0.0.1:aboudowais1@gmail.com:timer','i:1764125137;',1764125137),('laravel-cache-login:127.0.0.1:admin@example.com','i:1;',1765176596),('laravel-cache-login:127.0.0.1:admin@example.com:timer','i:1765176596;',1765176596),('laravel-cache-login:127.0.0.1:owaisaboud@gmail.com:timer','i:1764124991;',1764124991),('laravel-cache-login:127.0.0.1:waseemalbuqai@gmail.com','i:1;',1764535227),('laravel-cache-login:127.0.0.1:waseemalbuqai@gmail.com:timer','i:1764535227;',1764535227);
/*!40000 ALTER TABLE `cache` ENABLE KEYS */;
UNLOCK TABLES;

--
-- Table structure for table `cache_locks`
--

DROP TABLE IF EXISTS `cache_locks`;
/*!40101 SET @saved_cs_client     = @@character_set_client */;
/*!40101 SET character_set_client = utf8 */;
CREATE TABLE `cache_locks` (
  `key` varchar(255) NOT NULL,
  `owner` varchar(255) NOT NULL,
  `expiration` int(11) NOT NULL,
  PRIMARY KEY (`key`)
) ENGINE=InnoDB DEFAULT CHARSET=utf8mb4 COLLATE=utf8mb4_unicode_ci;
/*!40101 SET character_set_client = @saved_cs_client */;

--
-- Dumping data for table `cache_locks`
--

LOCK TABLES `cache_locks` WRITE;
/*!40000 ALTER TABLE `cache_locks` DISABLE KEYS */;
/*!40000 ALTER TABLE `cache_locks` ENABLE KEYS */;
UNLOCK TABLES;

--
-- Table structure for table `complaint_files`
--

DROP TABLE IF EXISTS `complaint_files`;
/*!40101 SET @saved_cs_client     = @@character_set_client */;
/*!40101 SET character_set_client = utf8 */;
CREATE TABLE `complaint_files` (
  `id` bigint(20) unsigned NOT NULL AUTO_INCREMENT,
  `complaint_id` bigint(20) unsigned NOT NULL,
  `file_path` varchar(255) NOT NULL,
  `file_type` varchar(255) DEFAULT NULL,
  `created_at` timestamp NULL DEFAULT NULL,
  `updated_at` timestamp NULL DEFAULT NULL,
  PRIMARY KEY (`id`),
  KEY `complaint_files_complaint_id_foreign` (`complaint_id`),
  CONSTRAINT `complaint_files_complaint_id_foreign` FOREIGN KEY (`complaint_id`) REFERENCES `complaints` (`id`) ON DELETE CASCADE
) ENGINE=InnoDB AUTO_INCREMENT=15 DEFAULT CHARSET=utf8mb4 COLLATE=utf8mb4_unicode_ci;
/*!40101 SET character_set_client = @saved_cs_client */;

--
-- Dumping data for table `complaint_files`
--

LOCK TABLES `complaint_files` WRITE;
/*!40000 ALTER TABLE `complaint_files` DISABLE KEYS */;
INSERT INTO `complaint_files` VALUES (2,7,'complaints/7/hqnfL5mJS0ZA89fziyCGQQUPk6alR80qzNmlolGv.png','png','2025-11-30 16:35:23','2025-11-30 16:35:23'),(3,8,'complaints/8/TediAbOxen52Xxg0ddYPGGcIjl2foudwgh0ytRbD.png','png','2025-11-30 16:40:58','2025-11-30 16:40:58'),(4,8,'complaints/8/pDdQd07Xjifb5hOJfu3jkOctEwuQhScDithXWqAE.jpg','jpg','2025-11-30 16:40:58','2025-11-30 16:40:58'),(5,9,'complaints/9/GRfEeeFCESXXs7e5tFy7J6RpBztRZMroBrjbYDPV.png','png','2025-11-30 16:41:30','2025-11-30 16:41:30'),(6,9,'complaints/9/rMVFzAgZFdmSWcIyoqO5dbkN2oJW3FzCUlnwkbzQ.jpg','jpg','2025-11-30 16:41:30','2025-11-30 16:41:30'),(7,10,'complaints/10/u2igx7aTDM87bIZU4Q3I2HaUdu2XI7tlP34uOd24.png','png','2025-11-30 16:42:04','2025-11-30 16:42:04'),(8,10,'complaints/10/XfJrsdsCIdDXV2EkcBK9vsnB039nqyksZS1hE8Zs.jpg','jpg','2025-11-30 16:42:04','2025-11-30 16:42:04'),(9,11,'complaints/11/dolHGMXovy7LM1pZvpvBIHOFy1N7chIA4J40DYOa.png','png','2025-11-30 16:42:31','2025-11-30 16:42:31'),(10,12,'complaints/12/MyssnvKBI6U50V2tVimhE60T6qCsxVL0TS8GyQAn.png','png','2025-11-30 16:43:27','2025-11-30 16:43:27'),(11,15,'complaints/15/RtwFpAYCbCkJFKVm4J2gjoLwzmT8R6UsURwO2ZRe.pdf','pdf','2025-11-30 17:19:01','2025-11-30 17:19:01'),(12,24,'complaints/24/rywKETT5wC5JEbYOduZHOOSYt8H26zpuqDDVnCKo.mp4','mp4','2025-11-30 17:36:34','2025-11-30 17:36:34'),(13,25,'complaints/25/ED59p1UCkeMAN6WcrhxPlmxeT9ttuRkwSxAFa3Qw.mp4','mp4','2025-11-30 17:37:06','2025-11-30 17:37:06'),(14,25,'complaints/25/Xrng19TEkyLkaaHU8NWdvbSaLPII1MgVyzbIdoHF.pdf','pdf','2025-11-30 17:37:06','2025-11-30 17:37:06');
/*!40000 ALTER TABLE `complaint_files` ENABLE KEYS */;
UNLOCK TABLES;

--
-- Table structure for table `complaint_status_logs`
--

DROP TABLE IF EXISTS `complaint_status_logs`;
/*!40101 SET @saved_cs_client     = @@character_set_client */;
/*!40101 SET character_set_client = utf8 */;
CREATE TABLE `complaint_status_logs` (
  `id` bigint(20) unsigned NOT NULL AUTO_INCREMENT,
  `complaint_id` bigint(20) unsigned NOT NULL,
  `new_status` varchar(255) NOT NULL,
  `note` text DEFAULT NULL,
  `created_at` timestamp NULL DEFAULT NULL,
  `updated_at` timestamp NULL DEFAULT NULL,
  PRIMARY KEY (`id`),
  KEY `complaint_status_logs_complaint_id_foreign` (`complaint_id`),
  CONSTRAINT `complaint_status_logs_complaint_id_foreign` FOREIGN KEY (`complaint_id`) REFERENCES `complaints` (`id`) ON DELETE CASCADE
) ENGINE=InnoDB AUTO_INCREMENT=45 DEFAULT CHARSET=utf8mb4 COLLATE=utf8mb4_unicode_ci;
/*!40101 SET character_set_client = @saved_cs_client */;

--
-- Dumping data for table `complaint_status_logs`
--

LOCK TABLES `complaint_status_logs` WRITE;
/*!40000 ALTER TABLE `complaint_status_logs` DISABLE KEYS */;
INSERT INTO `complaint_status_logs` VALUES (1,3,'pending','Complaint created','2025-11-25 06:57:34','2025-11-25 06:57:34'),(2,4,'pending','Complaint created','2025-11-25 07:00:34','2025-11-25 07:00:34'),(3,5,'pending','Complaint created','2025-11-25 07:05:02','2025-11-25 07:05:02'),(4,1,'processing','تم تحديث الحالة','2025-11-25 07:25:15','2025-11-25 07:25:15'),(5,1,'processing','تم تحديث الحالة','2025-11-25 07:28:39','2025-11-25 07:28:39'),(6,1,'rejected','تم تحديث الحالة','2025-11-25 07:41:30','2025-11-25 07:41:30'),(7,1,'rejected','تم تحديث الحالة','2025-11-25 07:44:30','2025-11-25 07:44:30'),(8,1,'rejected','تم تحديث الحالة','2025-11-25 08:05:11','2025-11-25 08:05:11'),(9,1,'rejected','تم تحديث الحالة','2025-11-25 08:06:56','2025-11-25 08:06:56'),(10,1,'processing','تم تحديث الحالة','2025-11-25 08:18:33','2025-11-25 08:18:33'),(11,1,'processing','تم تحديث الحالة','2025-11-25 08:19:43','2025-11-25 08:19:43'),(12,4,'processing','تم تحديث الحالة','2025-11-25 08:23:26','2025-11-25 08:23:26'),(13,4,'processing','تم تحديث الحالة','2025-11-25 08:25:50','2025-11-25 08:25:50'),(14,4,'processing','تم تحديث الحالة','2025-11-25 23:41:38','2025-11-25 23:41:38'),(15,4,'rejected','تم تحديث الحالة','2025-11-25 23:46:09','2025-11-25 23:46:09'),(16,1,'processing','هذه الشكوى ستتأخر ل يومين بسب نقص المعدات','2025-11-26 00:01:36','2025-11-26 00:01:36'),(17,1,'processing','هذه الشكوى ستتأخر ل يومين بسب نقص المعدات','2025-11-26 00:05:30','2025-11-26 00:05:30'),(18,1,'processing','حدد موقع المشكلة بدقة','2025-11-26 00:35:26','2025-11-26 00:35:26'),(19,1,'processing','حدد موقع المشكلة بدقة','2025-11-27 14:54:39','2025-11-27 14:54:39'),(20,1,'processing','حدد موقع المشكلة بدقة','2025-11-27 14:55:46','2025-11-27 14:55:46'),(21,1,'processing','حدد موقع المشكلة بدقة','2025-11-27 14:56:20','2025-11-27 14:56:20'),(22,1,'processing','حدد موقع المشكلة بدقة','2025-11-27 14:56:56','2025-11-27 14:56:56'),(23,1,'processing','حدد موقع المشكلة بدقة','2025-11-27 14:58:43','2025-11-27 14:58:43'),(24,1,'processing','حدد موقع المشكلة بدقة','2025-11-27 14:59:35','2025-11-27 14:59:35'),(25,6,'pending','Complaint created','2025-11-30 16:28:03','2025-11-30 16:28:03'),(26,7,'pending','Complaint created','2025-11-30 16:35:22','2025-11-30 16:35:22'),(27,8,'pending','Complaint created','2025-11-30 16:40:58','2025-11-30 16:40:58'),(28,9,'pending','Complaint created','2025-11-30 16:41:30','2025-11-30 16:41:30'),(29,10,'pending','Complaint created','2025-11-30 16:42:04','2025-11-30 16:42:04'),(30,11,'pending','Complaint created','2025-11-30 16:42:31','2025-11-30 16:42:31'),(31,12,'pending','Complaint created','2025-11-30 16:43:27','2025-11-30 16:43:27'),(32,13,'pending','Complaint created','2025-11-30 16:46:52','2025-11-30 16:46:52'),(33,14,'pending','Complaint created','2025-11-30 17:11:40','2025-11-30 17:11:40'),(34,15,'pending','Complaint created','2025-11-30 17:19:00','2025-11-30 17:19:00'),(35,16,'pending','Complaint created','2025-11-30 17:20:34','2025-11-30 17:20:34'),(36,17,'pending','Complaint created','2025-11-30 17:21:52','2025-11-30 17:21:52'),(37,18,'pending','Complaint created','2025-11-30 17:22:40','2025-11-30 17:22:40'),(38,19,'pending','Complaint created','2025-11-30 17:33:51','2025-11-30 17:33:51'),(39,20,'pending','Complaint created','2025-11-30 17:34:15','2025-11-30 17:34:15'),(40,21,'pending','Complaint created','2025-11-30 17:34:40','2025-11-30 17:34:40'),(41,22,'pending','Complaint created','2025-11-30 17:35:07','2025-11-30 17:35:07'),(42,23,'pending','Complaint created','2025-11-30 17:35:26','2025-11-30 17:35:26'),(43,24,'pending','Complaint created','2025-11-30 17:36:33','2025-11-30 17:36:33'),(44,25,'pending','Complaint created','2025-11-30 17:37:06','2025-11-30 17:37:06');
/*!40000 ALTER TABLE `complaint_status_logs` ENABLE KEYS */;
UNLOCK TABLES;

--
-- Table structure for table `complaints`
--

DROP TABLE IF EXISTS `complaints`;
/*!40101 SET @saved_cs_client     = @@character_set_client */;
/*!40101 SET character_set_client = utf8 */;
CREATE TABLE `complaints` (
  `id` bigint(20) unsigned NOT NULL AUTO_INCREMENT,
  `user_id` bigint(20) unsigned NOT NULL,
  `type` enum('service_missing','power_outage','corruption','employee_misconduct','technical_issue') NOT NULL,
  `department_id` bigint(20) unsigned NOT NULL,
  `description` text NOT NULL,
  `location_text` varchar(255) DEFAULT NULL,
  `status` enum('pending','processing','done','rejected') NOT NULL DEFAULT 'pending',
  `tracking_number` varchar(255) NOT NULL,
  `created_at` timestamp NULL DEFAULT NULL,
  `updated_at` timestamp NULL DEFAULT NULL,
  PRIMARY KEY (`id`),
  UNIQUE KEY `complaints_tracking_number_unique` (`tracking_number`),
  KEY `complaints_user_id_foreign` (`user_id`),
  KEY `complaints_department_id_foreign` (`department_id`),
  CONSTRAINT `complaints_department_id_foreign` FOREIGN KEY (`department_id`) REFERENCES `departments` (`id`) ON DELETE CASCADE,
  CONSTRAINT `complaints_user_id_foreign` FOREIGN KEY (`user_id`) REFERENCES `users` (`id`) ON DELETE CASCADE
) ENGINE=InnoDB AUTO_INCREMENT=26 DEFAULT CHARSET=utf8mb4 COLLATE=utf8mb4_unicode_ci;
/*!40101 SET character_set_client = @saved_cs_client */;

--
-- Dumping data for table `complaints`
--

LOCK TABLES `complaints` WRITE;
/*!40000 ALTER TABLE `complaints` DISABLE KEYS */;
INSERT INTO `complaints` VALUES (1,5,'corruption',1,'aaaaaaaaaaaaaaaaaaaa','ghabagheb','processing','CMP-20251125094340-CIUESP','2025-11-25 06:43:40','2025-11-25 08:19:43'),(2,5,'corruption',1,'sdlvmrodskzopkvmdslvdisejvi','ghabagheb','pending','CMP-20251125095108-GOYBZK','2025-11-25 06:51:08','2025-11-25 06:51:08'),(3,5,'corruption',1,'sdlvmrodskzopkvmdslvdisejvicccccccccc','ghabagheb','pending','CMP-20251125095734-9AAEDG','2025-11-25 06:57:34','2025-11-25 06:57:34'),(4,5,'corruption',1,'sdlvmrodskzopkvmdslvsofsosodisejvicccccccccc','ghabagheb','rejected','CMP-20251125100034-ALS9CT','2025-11-25 07:00:34','2025-11-25 23:46:09'),(5,5,'corruption',2,'sdlvmrodskzopkvmdslvsofsosodisejvicccccccccc','ghabagheb','pending','CMP-20251125100502-1XBWCJ','2025-11-25 07:05:02','2025-11-25 07:05:02'),(6,5,'corruption',2,'sdlvmrodskzopkvmdslvsofsosodisejvicccccccccc','ghabagheb','pending','CMP-20251130192803-VASGYY','2025-11-30 16:28:03','2025-11-30 16:28:03'),(7,5,'corruption',2,'sdlvmrodskzopkvmdslvsofsosodisejvicccccccccc','ghabagheb','pending','CMP-20251130193522-3NVB4P','2025-11-30 16:35:22','2025-11-30 16:35:22'),(8,5,'corruption',2,'sdlvmrodskzopkvmdslvsofsosodisejvicccccccccc','ghabagheb','pending','CMP-20251130194058-ZT36IK','2025-11-30 16:40:58','2025-11-30 16:40:58'),(9,5,'corruption',2,'sdlvmrodskzopkvmdslvsofsosodisejvicccccccccc','ghabagheb','pending','CMP-20251130194130-UVE6OW','2025-11-30 16:41:30','2025-11-30 16:41:30'),(10,5,'corruption',2,'sdlvmrodskzopkvmdslvsofsosodisejvicccccccccc','ghabagheb','pending','CMP-20251130194204-33YW1L','2025-11-30 16:42:04','2025-11-30 16:42:04'),(11,5,'corruption',2,'sdlvmrodskzopkvmdslvsofsosodisejvicccccccccc','ghabagheb','pending','CMP-20251130194231-SSZYFO','2025-11-30 16:42:31','2025-11-30 16:42:31'),(12,5,'corruption',2,'sdlvmrodskzopkvmdslvsofsosodisejvicccccccccc','ghabagheb','pending','CMP-20251130194327-UKFFGH','2025-11-30 16:43:27','2025-11-30 16:43:27'),(13,5,'corruption',2,'sdlvmrodskzopkvmdslvsofsosodisejvicccccccccc','ghabagheb','pending','CMP-20251130194652-XCA5QT','2025-11-30 16:46:52','2025-11-30 16:46:52'),(14,5,'corruption',2,'sdlvmrodskzopkvmdslvsofsosodisejvicccccccccc','ghabagheb','pending','CMP-20251130201140-KVVTJF','2025-11-30 17:11:40','2025-11-30 17:11:40'),(15,5,'corruption',2,'sdlvmrodskzopkvmdslvsofsosodisejvicccccccccc','ghabagheb','pending','CMP-20251130201900-RGF1LD','2025-11-30 17:19:00','2025-11-30 17:19:00'),(16,5,'corruption',2,'sdlvmrodskzopkvmdslvsofsosodisejvicccccccccc','ghabagheb','pending','CMP-20251130202034-GXMLF0','2025-11-30 17:20:34','2025-11-30 17:20:34'),(17,5,'corruption',2,'sdlvmrodskzopkvmdslvsofsosodisejvicccccccccc','ghabagheb','pending','CMP-20251130202152-PUB7WG','2025-11-30 17:21:52','2025-11-30 17:21:52'),(18,5,'corruption',2,'sdlvmrodskzopkvmdslvsofsosodisejvicccccccccc','ghabagheb','pending','CMP-20251130202240-BHL5KP','2025-11-30 17:22:40','2025-11-30 17:22:40'),(19,5,'corruption',2,'sdlvmrodskzopkvmdslvsofsosodisejvicccccccccc','ghabagheb','pending','CMP-20251130203351-2W61BG','2025-11-30 17:33:51','2025-11-30 17:33:51'),(20,5,'corruption',2,'sdlvmrodskzopkvmdslvsofsosodisejvicccccccccc','ghabagheb','pending','CMP-20251130203415-ROZJM8','2025-11-30 17:34:15','2025-11-30 17:34:15'),(21,5,'corruption',2,'sdlvmrodskzopkvmdslvsofsosodisejvicccccccccc','ghabagheb','pending','CMP-20251130203440-L0QVHS','2025-11-30 17:34:40','2025-11-30 17:34:40'),(22,5,'corruption',2,'sdlvmrodskzopkvmdslvsofsosodisejvicccccccccc','ghabagheb','pending','CMP-20251130203507-OWHIRX','2025-11-30 17:35:07','2025-11-30 17:35:07'),(23,5,'corruption',2,'sdlvmrodskzopkvmdslvsofsosodisejvicccccccccc','ghabagheb','pending','CMP-20251130203526-TKHN3D','2025-11-30 17:35:26','2025-11-30 17:35:26'),(24,5,'corruption',2,'sdlvmrodskzopkvmdslvsofsosodisejvicccccccccc','ghabagheb','pending','CMP-20251130203633-ELREUY','2025-11-30 17:36:33','2025-11-30 17:36:33'),(25,5,'corruption',2,'sdlvmrodskzopkvmdslvsofsosodisejvicccccccccc','ghabagheb','pending','CMP-20251130203706-PHQDCV','2025-11-30 17:37:06','2025-11-30 17:37:06');
/*!40000 ALTER TABLE `complaints` ENABLE KEYS */;
UNLOCK TABLES;

--
-- Table structure for table `departments`
--

DROP TABLE IF EXISTS `departments`;
/*!40101 SET @saved_cs_client     = @@character_set_client */;
/*!40101 SET character_set_client = utf8 */;
CREATE TABLE `departments` (
  `id` bigint(20) unsigned NOT NULL AUTO_INCREMENT,
  `name` varchar(255) NOT NULL,
  `description` text DEFAULT NULL,
  `created_at` timestamp NULL DEFAULT NULL,
  `updated_at` timestamp NULL DEFAULT NULL,
  PRIMARY KEY (`id`),
  UNIQUE KEY `departments_name_unique` (`name`)
) ENGINE=InnoDB AUTO_INCREMENT=6 DEFAULT CHARSET=utf8mb4 COLLATE=utf8mb4_unicode_ci;
/*!40101 SET character_set_client = @saved_cs_client */;

--
-- Dumping data for table `departments`
--

LOCK TABLES `departments` WRITE;
/*!40000 ALTER TABLE `departments` DISABLE KEYS */;
INSERT INTO `departments` VALUES (1,'ITE 2','Tech','2025-11-25 06:40:39','2025-11-25 06:40:39'),(2,'ITE 3','Tech','2025-11-25 07:04:52','2025-11-25 07:04:52'),(3,'healthy1','bhsbhkdwjewedw','2025-12-08 03:49:26','2025-12-08 03:54:38'),(4,'ITE 6','Tech','2025-12-08 03:50:56','2025-12-08 03:50:56'),(5,'ITE 7','Tech','2025-12-08 03:53:39','2025-12-08 03:53:39');
/*!40000 ALTER TABLE `departments` ENABLE KEYS */;
UNLOCK TABLES;

--
-- Table structure for table `failed_jobs`
--

DROP TABLE IF EXISTS `failed_jobs`;
/*!40101 SET @saved_cs_client     = @@character_set_client */;
/*!40101 SET character_set_client = utf8 */;
CREATE TABLE `failed_jobs` (
  `id` bigint(20) unsigned NOT NULL AUTO_INCREMENT,
  `uuid` varchar(255) NOT NULL,
  `connection` text NOT NULL,
  `queue` text NOT NULL,
  `payload` longtext NOT NULL,
  `exception` longtext NOT NULL,
  `failed_at` timestamp NOT NULL DEFAULT current_timestamp(),
  PRIMARY KEY (`id`),
  UNIQUE KEY `failed_jobs_uuid_unique` (`uuid`)
) ENGINE=InnoDB AUTO_INCREMENT=9 DEFAULT CHARSET=utf8mb4 COLLATE=utf8mb4_unicode_ci;
/*!40101 SET character_set_client = @saved_cs_client */;

--
-- Dumping data for table `failed_jobs`
--

LOCK TABLES `failed_jobs` WRITE;
/*!40000 ALTER TABLE `failed_jobs` DISABLE KEYS */;
INSERT INTO `failed_jobs` VALUES (1,'8dcc049d-9cba-4281-9182-5922a92da994','database','default','{\"uuid\":\"8dcc049d-9cba-4281-9182-5922a92da994\",\"displayName\":\"Illuminate\\\\Notifications\\\\Events\\\\BroadcastNotificationCreated\",\"job\":\"Illuminate\\\\Queue\\\\CallQueuedHandler@call\",\"maxTries\":null,\"maxExceptions\":null,\"failOnTimeout\":false,\"backoff\":null,\"timeout\":null,\"retryUntil\":null,\"data\":{\"commandName\":\"Illuminate\\\\Broadcasting\\\\BroadcastEvent\",\"command\":\"O:38:\\\"Illuminate\\\\Broadcasting\\\\BroadcastEvent\\\":17:{s:5:\\\"event\\\";O:60:\\\"Illuminate\\\\Notifications\\\\Events\\\\BroadcastNotificationCreated\\\":3:{s:10:\\\"notifiable\\\";O:45:\\\"Illuminate\\\\Contracts\\\\Database\\\\ModelIdentifier\\\":5:{s:5:\\\"class\\\";s:15:\\\"App\\\\Models\\\\User\\\";s:2:\\\"id\\\";i:5;s:9:\\\"relations\\\";a:0:{}s:10:\\\"connection\\\";s:5:\\\"mysql\\\";s:15:\\\"collectionClass\\\";N;}s:12:\\\"notification\\\";O:40:\\\"App\\\\Notifications\\\\ComplaintStatusUpdated\\\":3:{s:12:\\\"\\u0000*\\u0000complaint\\\";O:45:\\\"Illuminate\\\\Contracts\\\\Database\\\\ModelIdentifier\\\":5:{s:5:\\\"class\\\";s:20:\\\"App\\\\Models\\\\Complaint\\\";s:2:\\\"id\\\";i:1;s:9:\\\"relations\\\";a:3:{i:0;s:10:\\\"statusLogs\\\";i:1;s:5:\\\"files\\\";i:2;s:4:\\\"user\\\";}s:10:\\\"connection\\\";s:5:\\\"mysql\\\";s:15:\\\"collectionClass\\\";N;}s:12:\\\"\\u0000*\\u0000newStatus\\\";s:10:\\\"processing\\\";s:2:\\\"id\\\";s:36:\\\"6412ff7c-5f47-43a7-bbad-d2289d2f33e9\\\";}s:4:\\\"data\\\";a:3:{s:12:\\\"complaint_id\\\";i:1;s:10:\\\"new_status\\\";s:10:\\\"processing\\\";s:7:\\\"message\\\";s:56:\\\"تم تحديث حالة الشكوى إلى: processing\\\";}}s:5:\\\"tries\\\";N;s:7:\\\"timeout\\\";N;s:7:\\\"backoff\\\";N;s:13:\\\"maxExceptions\\\";N;s:23:\\\"deleteWhenMissingModels\\\";b:1;s:10:\\\"connection\\\";N;s:5:\\\"queue\\\";N;s:12:\\\"messageGroup\\\";N;s:12:\\\"deduplicator\\\";N;s:5:\\\"delay\\\";N;s:11:\\\"afterCommit\\\";N;s:10:\\\"middleware\\\";a:0:{}s:7:\\\"chained\\\";a:0:{}s:15:\\\"chainConnection\\\";N;s:10:\\\"chainQueue\\\";N;s:19:\\\"chainCatchCallbacks\\\";N;}\"},\"createdAt\":1764066520,\"delay\":null}','Illuminate\\Broadcasting\\BroadcastException: Pusher error: cURL error 28: Resolving timed out after 10007 milliseconds (see https://curl.haxx.se/libcurl/c/libcurl-errors.html) for https://api-eu.pusher.com/apps/2081780/events?auth_key=c4c936bfd9aa7f5b6b8c&auth_timestamp=1764067661&auth_version=1.0&body_md5=2c5812b0c15959a3b1e798823ce13da9&auth_signature=69679a4e648f8693a43126ee17488bc97b2e72461f4493e714b11bafb8aa38f6. in E:\\InternetApp\\complaints-system\\vendor\\laravel\\framework\\src\\Illuminate\\Broadcasting\\Broadcasters\\PusherBroadcaster.php:163\nStack trace:\n#0 E:\\InternetApp\\complaints-system\\vendor\\laravel\\framework\\src\\Illuminate\\Broadcasting\\BroadcastEvent.php(100): Illuminate\\Broadcasting\\Broadcasters\\PusherBroadcaster->broadcast(Object(Illuminate\\Support\\Collection), \'Illuminate\\\\Noti...\', Array)\n#1 E:\\InternetApp\\complaints-system\\vendor\\laravel\\framework\\src\\Illuminate\\Container\\BoundMethod.php(36): Illuminate\\Broadcasting\\BroadcastEvent->handle(Object(Illuminate\\Broadcasting\\BroadcastManager))\n#2 E:\\InternetApp\\complaints-system\\vendor\\laravel\\framework\\src\\Illuminate\\Container\\Util.php(43): Illuminate\\Container\\BoundMethod::Illuminate\\Container\\{closure}()\n#3 E:\\InternetApp\\complaints-system\\vendor\\laravel\\framework\\src\\Illuminate\\Container\\BoundMethod.php(96): Illuminate\\Container\\Util::unwrapIfClosure(Object(Closure))\n#4 E:\\InternetApp\\complaints-system\\vendor\\laravel\\framework\\src\\Illuminate\\Container\\BoundMethod.php(35): Illuminate\\Container\\BoundMethod::callBoundMethod(Object(Illuminate\\Foundation\\Application), Array, Object(Closure))\n#5 E:\\InternetApp\\complaints-system\\vendor\\laravel\\framework\\src\\Illuminate\\Container\\Container.php(836): Illuminate\\Container\\BoundMethod::call(Object(Illuminate\\Foundation\\Application), Array, Array, NULL)\n#6 E:\\InternetApp\\complaints-system\\vendor\\laravel\\framework\\src\\Illuminate\\Bus\\Dispatcher.php(129): Illuminate\\Container\\Container->call(Array)\n#7 E:\\InternetApp\\complaints-system\\vendor\\laravel\\framework\\src\\Illuminate\\Pipeline\\Pipeline.php(180): Illuminate\\Bus\\Dispatcher->Illuminate\\Bus\\{closure}(Object(Illuminate\\Broadcasting\\BroadcastEvent))\n#8 E:\\InternetApp\\complaints-system\\vendor\\laravel\\framework\\src\\Illuminate\\Pipeline\\Pipeline.php(137): Illuminate\\Pipeline\\Pipeline->Illuminate\\Pipeline\\{closure}(Object(Illuminate\\Broadcasting\\BroadcastEvent))\n#9 E:\\InternetApp\\complaints-system\\vendor\\laravel\\framework\\src\\Illuminate\\Bus\\Dispatcher.php(133): Illuminate\\Pipeline\\Pipeline->then(Object(Closure))\n#10 E:\\InternetApp\\complaints-system\\vendor\\laravel\\framework\\src\\Illuminate\\Queue\\CallQueuedHandler.php(134): Illuminate\\Bus\\Dispatcher->dispatchNow(Object(Illuminate\\Broadcasting\\BroadcastEvent), false)\n#11 E:\\InternetApp\\complaints-system\\vendor\\laravel\\framework\\src\\Illuminate\\Pipeline\\Pipeline.php(180): Illuminate\\Queue\\CallQueuedHandler->Illuminate\\Queue\\{closure}(Object(Illuminate\\Broadcasting\\BroadcastEvent))\n#12 E:\\InternetApp\\complaints-system\\vendor\\laravel\\framework\\src\\Illuminate\\Pipeline\\Pipeline.php(137): Illuminate\\Pipeline\\Pipeline->Illuminate\\Pipeline\\{closure}(Object(Illuminate\\Broadcasting\\BroadcastEvent))\n#13 E:\\InternetApp\\complaints-system\\vendor\\laravel\\framework\\src\\Illuminate\\Queue\\CallQueuedHandler.php(127): Illuminate\\Pipeline\\Pipeline->then(Object(Closure))\n#14 E:\\InternetApp\\complaints-system\\vendor\\laravel\\framework\\src\\Illuminate\\Queue\\CallQueuedHandler.php(68): Illuminate\\Queue\\CallQueuedHandler->dispatchThroughMiddleware(Object(Illuminate\\Queue\\Jobs\\DatabaseJob), Object(Illuminate\\Broadcasting\\BroadcastEvent))\n#15 E:\\InternetApp\\complaints-system\\vendor\\laravel\\framework\\src\\Illuminate\\Queue\\Jobs\\Job.php(102): Illuminate\\Queue\\CallQueuedHandler->call(Object(Illuminate\\Queue\\Jobs\\DatabaseJob), Array)\n#16 E:\\InternetApp\\complaints-system\\vendor\\laravel\\framework\\src\\Illuminate\\Queue\\Worker.php(451): Illuminate\\Queue\\Jobs\\Job->fire()\n#17 E:\\InternetApp\\complaints-system\\vendor\\laravel\\framework\\src\\Illuminate\\Queue\\Worker.php(401): Illuminate\\Queue\\Worker->process(\'database\', Object(Illuminate\\Queue\\Jobs\\DatabaseJob), Object(Illuminate\\Queue\\WorkerOptions))\n#18 E:\\InternetApp\\complaints-system\\vendor\\laravel\\framework\\src\\Illuminate\\Queue\\Worker.php(187): Illuminate\\Queue\\Worker->runJob(Object(Illuminate\\Queue\\Jobs\\DatabaseJob), \'database\', Object(Illuminate\\Queue\\WorkerOptions))\n#19 E:\\InternetApp\\complaints-system\\vendor\\laravel\\framework\\src\\Illuminate\\Queue\\Console\\WorkCommand.php(148): Illuminate\\Queue\\Worker->daemon(\'database\', \'default\', Object(Illuminate\\Queue\\WorkerOptions))\n#20 E:\\InternetApp\\complaints-system\\vendor\\laravel\\framework\\src\\Illuminate\\Queue\\Console\\WorkCommand.php(131): Illuminate\\Queue\\Console\\WorkCommand->runWorker(\'database\', \'default\')\n#21 E:\\InternetApp\\complaints-system\\vendor\\laravel\\framework\\src\\Illuminate\\Container\\BoundMethod.php(36): Illuminate\\Queue\\Console\\WorkCommand->handle()\n#22 E:\\InternetApp\\complaints-system\\vendor\\laravel\\framework\\src\\Illuminate\\Container\\Util.php(43): Illuminate\\Container\\BoundMethod::Illuminate\\Container\\{closure}()\n#23 E:\\InternetApp\\complaints-system\\vendor\\laravel\\framework\\src\\Illuminate\\Container\\BoundMethod.php(96): Illuminate\\Container\\Util::unwrapIfClosure(Object(Closure))\n#24 E:\\InternetApp\\complaints-system\\vendor\\laravel\\framework\\src\\Illuminate\\Container\\BoundMethod.php(35): Illuminate\\Container\\BoundMethod::callBoundMethod(Object(Illuminate\\Foundation\\Application), Array, Object(Closure))\n#25 E:\\InternetApp\\complaints-system\\vendor\\laravel\\framework\\src\\Illuminate\\Container\\Container.php(836): Illuminate\\Container\\BoundMethod::call(Object(Illuminate\\Foundation\\Application), Array, Array, NULL)\n#26 E:\\InternetApp\\complaints-system\\vendor\\laravel\\framework\\src\\Illuminate\\Console\\Command.php(211): Illuminate\\Container\\Container->call(Array)\n#27 E:\\InternetApp\\complaints-system\\vendor\\symfony\\console\\Command\\Command.php(318): Illuminate\\Console\\Command->execute(Object(Symfony\\Component\\Console\\Input\\ArgvInput), Object(Illuminate\\Console\\OutputStyle))\n#28 E:\\InternetApp\\complaints-system\\vendor\\laravel\\framework\\src\\Illuminate\\Console\\Command.php(180): Symfony\\Component\\Console\\Command\\Command->run(Object(Symfony\\Component\\Console\\Input\\ArgvInput), Object(Illuminate\\Console\\OutputStyle))\n#29 E:\\InternetApp\\complaints-system\\vendor\\symfony\\console\\Application.php(1073): Illuminate\\Console\\Command->run(Object(Symfony\\Component\\Console\\Input\\ArgvInput), Object(Symfony\\Component\\Console\\Output\\ConsoleOutput))\n#30 E:\\InternetApp\\complaints-system\\vendor\\symfony\\console\\Application.php(356): Symfony\\Component\\Console\\Application->doRunCommand(Object(Illuminate\\Queue\\Console\\WorkCommand), Object(Symfony\\Component\\Console\\Input\\ArgvInput), Object(Symfony\\Component\\Console\\Output\\ConsoleOutput))\n#31 E:\\InternetApp\\complaints-system\\vendor\\symfony\\console\\Application.php(195): Symfony\\Component\\Console\\Application->doRun(Object(Symfony\\Component\\Console\\Input\\ArgvInput), Object(Symfony\\Component\\Console\\Output\\ConsoleOutput))\n#32 E:\\InternetApp\\complaints-system\\vendor\\laravel\\framework\\src\\Illuminate\\Foundation\\Console\\Kernel.php(197): Symfony\\Component\\Console\\Application->run(Object(Symfony\\Component\\Console\\Input\\ArgvInput), Object(Symfony\\Component\\Console\\Output\\ConsoleOutput))\n#33 E:\\InternetApp\\complaints-system\\vendor\\laravel\\framework\\src\\Illuminate\\Foundation\\Application.php(1235): Illuminate\\Foundation\\Console\\Kernel->handle(Object(Symfony\\Component\\Console\\Input\\ArgvInput), Object(Symfony\\Component\\Console\\Output\\ConsoleOutput))\n#34 E:\\InternetApp\\complaints-system\\artisan(16): Illuminate\\Foundation\\Application->handleCommand(Object(Symfony\\Component\\Console\\Input\\ArgvInput))\n#35 {main}','2025-11-25 07:47:55'),(2,'5581327f-6903-46cb-87ea-9dde3b5a68ff','database','default','{\"uuid\":\"5581327f-6903-46cb-87ea-9dde3b5a68ff\",\"displayName\":\"Illuminate\\\\Notifications\\\\Events\\\\BroadcastNotificationCreated\",\"job\":\"Illuminate\\\\Queue\\\\CallQueuedHandler@call\",\"maxTries\":null,\"maxExceptions\":null,\"failOnTimeout\":false,\"backoff\":null,\"timeout\":null,\"retryUntil\":null,\"data\":{\"commandName\":\"Illuminate\\\\Broadcasting\\\\BroadcastEvent\",\"command\":\"O:38:\\\"Illuminate\\\\Broadcasting\\\\BroadcastEvent\\\":17:{s:5:\\\"event\\\";O:60:\\\"Illuminate\\\\Notifications\\\\Events\\\\BroadcastNotificationCreated\\\":3:{s:10:\\\"notifiable\\\";O:45:\\\"Illuminate\\\\Contracts\\\\Database\\\\ModelIdentifier\\\":5:{s:5:\\\"class\\\";s:15:\\\"App\\\\Models\\\\User\\\";s:2:\\\"id\\\";i:5;s:9:\\\"relations\\\";a:0:{}s:10:\\\"connection\\\";s:5:\\\"mysql\\\";s:15:\\\"collectionClass\\\";N;}s:12:\\\"notification\\\";O:40:\\\"App\\\\Notifications\\\\ComplaintStatusUpdated\\\":3:{s:12:\\\"\\u0000*\\u0000complaint\\\";O:45:\\\"Illuminate\\\\Contracts\\\\Database\\\\ModelIdentifier\\\":5:{s:5:\\\"class\\\";s:20:\\\"App\\\\Models\\\\Complaint\\\";s:2:\\\"id\\\";i:1;s:9:\\\"relations\\\";a:3:{i:0;s:10:\\\"statusLogs\\\";i:1;s:5:\\\"files\\\";i:2;s:4:\\\"user\\\";}s:10:\\\"connection\\\";s:5:\\\"mysql\\\";s:15:\\\"collectionClass\\\";N;}s:12:\\\"\\u0000*\\u0000newStatus\\\";s:8:\\\"rejected\\\";s:2:\\\"id\\\";s:36:\\\"6d18e0e9-2120-4b36-bccf-4ee9a1c29593\\\";}s:4:\\\"data\\\";a:3:{s:12:\\\"complaint_id\\\";i:1;s:10:\\\"new_status\\\";s:8:\\\"rejected\\\";s:7:\\\"message\\\";s:54:\\\"تم تحديث حالة الشكوى إلى: rejected\\\";}}s:5:\\\"tries\\\";N;s:7:\\\"timeout\\\";N;s:7:\\\"backoff\\\";N;s:13:\\\"maxExceptions\\\";N;s:23:\\\"deleteWhenMissingModels\\\";b:1;s:10:\\\"connection\\\";N;s:5:\\\"queue\\\";N;s:12:\\\"messageGroup\\\";N;s:12:\\\"deduplicator\\\";N;s:5:\\\"delay\\\";N;s:11:\\\"afterCommit\\\";N;s:10:\\\"middleware\\\";a:0:{}s:7:\\\"chained\\\";a:0:{}s:15:\\\"chainConnection\\\";N;s:10:\\\"chainQueue\\\";N;s:19:\\\"chainCatchCallbacks\\\";N;}\"},\"createdAt\":1764067290,\"delay\":null}','Illuminate\\Broadcasting\\BroadcastException: Pusher error: cURL error 28: Resolving timed out after 10015 milliseconds (see https://curl.haxx.se/libcurl/c/libcurl-errors.html) for https://api-eu.pusher.com/apps/2081780/events?auth_key=c4c936bfd9aa7f5b6b8c&auth_timestamp=1764067675&auth_version=1.0&body_md5=00f90854073a5ec23b5942745a6f0804&auth_signature=fd362cbb20d58a0b1bfce0963f7181b84e0e0df25934edc2f5cc4d7893788295. in E:\\InternetApp\\complaints-system\\vendor\\laravel\\framework\\src\\Illuminate\\Broadcasting\\Broadcasters\\PusherBroadcaster.php:163\nStack trace:\n#0 E:\\InternetApp\\complaints-system\\vendor\\laravel\\framework\\src\\Illuminate\\Broadcasting\\BroadcastEvent.php(100): Illuminate\\Broadcasting\\Broadcasters\\PusherBroadcaster->broadcast(Object(Illuminate\\Support\\Collection), \'Illuminate\\\\Noti...\', Array)\n#1 E:\\InternetApp\\complaints-system\\vendor\\laravel\\framework\\src\\Illuminate\\Container\\BoundMethod.php(36): Illuminate\\Broadcasting\\BroadcastEvent->handle(Object(Illuminate\\Broadcasting\\BroadcastManager))\n#2 E:\\InternetApp\\complaints-system\\vendor\\laravel\\framework\\src\\Illuminate\\Container\\Util.php(43): Illuminate\\Container\\BoundMethod::Illuminate\\Container\\{closure}()\n#3 E:\\InternetApp\\complaints-system\\vendor\\laravel\\framework\\src\\Illuminate\\Container\\BoundMethod.php(96): Illuminate\\Container\\Util::unwrapIfClosure(Object(Closure))\n#4 E:\\InternetApp\\complaints-system\\vendor\\laravel\\framework\\src\\Illuminate\\Container\\BoundMethod.php(35): Illuminate\\Container\\BoundMethod::callBoundMethod(Object(Illuminate\\Foundation\\Application), Array, Object(Closure))\n#5 E:\\InternetApp\\complaints-system\\vendor\\laravel\\framework\\src\\Illuminate\\Container\\Container.php(836): Illuminate\\Container\\BoundMethod::call(Object(Illuminate\\Foundation\\Application), Array, Array, NULL)\n#6 E:\\InternetApp\\complaints-system\\vendor\\laravel\\framework\\src\\Illuminate\\Bus\\Dispatcher.php(129): Illuminate\\Container\\Container->call(Array)\n#7 E:\\InternetApp\\complaints-system\\vendor\\laravel\\framework\\src\\Illuminate\\Pipeline\\Pipeline.php(180): Illuminate\\Bus\\Dispatcher->Illuminate\\Bus\\{closure}(Object(Illuminate\\Broadcasting\\BroadcastEvent))\n#8 E:\\InternetApp\\complaints-system\\vendor\\laravel\\framework\\src\\Illuminate\\Pipeline\\Pipeline.php(137): Illuminate\\Pipeline\\Pipeline->Illuminate\\Pipeline\\{closure}(Object(Illuminate\\Broadcasting\\BroadcastEvent))\n#9 E:\\InternetApp\\complaints-system\\vendor\\laravel\\framework\\src\\Illuminate\\Bus\\Dispatcher.php(133): Illuminate\\Pipeline\\Pipeline->then(Object(Closure))\n#10 E:\\InternetApp\\complaints-system\\vendor\\laravel\\framework\\src\\Illuminate\\Queue\\CallQueuedHandler.php(134): Illuminate\\Bus\\Dispatcher->dispatchNow(Object(Illuminate\\Broadcasting\\BroadcastEvent), false)\n#11 E:\\InternetApp\\complaints-system\\vendor\\laravel\\framework\\src\\Illuminate\\Pipeline\\Pipeline.php(180): Illuminate\\Queue\\CallQueuedHandler->Illuminate\\Queue\\{closure}(Object(Illuminate\\Broadcasting\\BroadcastEvent))\n#12 E:\\InternetApp\\complaints-system\\vendor\\laravel\\framework\\src\\Illuminate\\Pipeline\\Pipeline.php(137): Illuminate\\Pipeline\\Pipeline->Illuminate\\Pipeline\\{closure}(Object(Illuminate\\Broadcasting\\BroadcastEvent))\n#13 E:\\InternetApp\\complaints-system\\vendor\\laravel\\framework\\src\\Illuminate\\Queue\\CallQueuedHandler.php(127): Illuminate\\Pipeline\\Pipeline->then(Object(Closure))\n#14 E:\\InternetApp\\complaints-system\\vendor\\laravel\\framework\\src\\Illuminate\\Queue\\CallQueuedHandler.php(68): Illuminate\\Queue\\CallQueuedHandler->dispatchThroughMiddleware(Object(Illuminate\\Queue\\Jobs\\DatabaseJob), Object(Illuminate\\Broadcasting\\BroadcastEvent))\n#15 E:\\InternetApp\\complaints-system\\vendor\\laravel\\framework\\src\\Illuminate\\Queue\\Jobs\\Job.php(102): Illuminate\\Queue\\CallQueuedHandler->call(Object(Illuminate\\Queue\\Jobs\\DatabaseJob), Array)\n#16 E:\\InternetApp\\complaints-system\\vendor\\laravel\\framework\\src\\Illuminate\\Queue\\Worker.php(451): Illuminate\\Queue\\Jobs\\Job->fire()\n#17 E:\\InternetApp\\complaints-system\\vendor\\laravel\\framework\\src\\Illuminate\\Queue\\Worker.php(401): Illuminate\\Queue\\Worker->process(\'database\', Object(Illuminate\\Queue\\Jobs\\DatabaseJob), Object(Illuminate\\Queue\\WorkerOptions))\n#18 E:\\InternetApp\\complaints-system\\vendor\\laravel\\framework\\src\\Illuminate\\Queue\\Worker.php(187): Illuminate\\Queue\\Worker->runJob(Object(Illuminate\\Queue\\Jobs\\DatabaseJob), \'database\', Object(Illuminate\\Queue\\WorkerOptions))\n#19 E:\\InternetApp\\complaints-system\\vendor\\laravel\\framework\\src\\Illuminate\\Queue\\Console\\WorkCommand.php(148): Illuminate\\Queue\\Worker->daemon(\'database\', \'default\', Object(Illuminate\\Queue\\WorkerOptions))\n#20 E:\\InternetApp\\complaints-system\\vendor\\laravel\\framework\\src\\Illuminate\\Queue\\Console\\WorkCommand.php(131): Illuminate\\Queue\\Console\\WorkCommand->runWorker(\'database\', \'default\')\n#21 E:\\InternetApp\\complaints-system\\vendor\\laravel\\framework\\src\\Illuminate\\Container\\BoundMethod.php(36): Illuminate\\Queue\\Console\\WorkCommand->handle()\n#22 E:\\InternetApp\\complaints-system\\vendor\\laravel\\framework\\src\\Illuminate\\Container\\Util.php(43): Illuminate\\Container\\BoundMethod::Illuminate\\Container\\{closure}()\n#23 E:\\InternetApp\\complaints-system\\vendor\\laravel\\framework\\src\\Illuminate\\Container\\BoundMethod.php(96): Illuminate\\Container\\Util::unwrapIfClosure(Object(Closure))\n#24 E:\\InternetApp\\complaints-system\\vendor\\laravel\\framework\\src\\Illuminate\\Container\\BoundMethod.php(35): Illuminate\\Container\\BoundMethod::callBoundMethod(Object(Illuminate\\Foundation\\Application), Array, Object(Closure))\n#25 E:\\InternetApp\\complaints-system\\vendor\\laravel\\framework\\src\\Illuminate\\Container\\Container.php(836): Illuminate\\Container\\BoundMethod::call(Object(Illuminate\\Foundation\\Application), Array, Array, NULL)\n#26 E:\\InternetApp\\complaints-system\\vendor\\laravel\\framework\\src\\Illuminate\\Console\\Command.php(211): Illuminate\\Container\\Container->call(Array)\n#27 E:\\InternetApp\\complaints-system\\vendor\\symfony\\console\\Command\\Command.php(318): Illuminate\\Console\\Command->execute(Object(Symfony\\Component\\Console\\Input\\ArgvInput), Object(Illuminate\\Console\\OutputStyle))\n#28 E:\\InternetApp\\complaints-system\\vendor\\laravel\\framework\\src\\Illuminate\\Console\\Command.php(180): Symfony\\Component\\Console\\Command\\Command->run(Object(Symfony\\Component\\Console\\Input\\ArgvInput), Object(Illuminate\\Console\\OutputStyle))\n#29 E:\\InternetApp\\complaints-system\\vendor\\symfony\\console\\Application.php(1073): Illuminate\\Console\\Command->run(Object(Symfony\\Component\\Console\\Input\\ArgvInput), Object(Symfony\\Component\\Console\\Output\\ConsoleOutput))\n#30 E:\\InternetApp\\complaints-system\\vendor\\symfony\\console\\Application.php(356): Symfony\\Component\\Console\\Application->doRunCommand(Object(Illuminate\\Queue\\Console\\WorkCommand), Object(Symfony\\Component\\Console\\Input\\ArgvInput), Object(Symfony\\Component\\Console\\Output\\ConsoleOutput))\n#31 E:\\InternetApp\\complaints-system\\vendor\\symfony\\console\\Application.php(195): Symfony\\Component\\Console\\Application->doRun(Object(Symfony\\Component\\Console\\Input\\ArgvInput), Object(Symfony\\Component\\Console\\Output\\ConsoleOutput))\n#32 E:\\InternetApp\\complaints-system\\vendor\\laravel\\framework\\src\\Illuminate\\Foundation\\Console\\Kernel.php(197): Symfony\\Component\\Console\\Application->run(Object(Symfony\\Component\\Console\\Input\\ArgvInput), Object(Symfony\\Component\\Console\\Output\\ConsoleOutput))\n#33 E:\\InternetApp\\complaints-system\\vendor\\laravel\\framework\\src\\Illuminate\\Foundation\\Application.php(1235): Illuminate\\Foundation\\Console\\Kernel->handle(Object(Symfony\\Component\\Console\\Input\\ArgvInput), Object(Symfony\\Component\\Console\\Output\\ConsoleOutput))\n#34 E:\\InternetApp\\complaints-system\\artisan(16): Illuminate\\Foundation\\Application->handleCommand(Object(Symfony\\Component\\Console\\Input\\ArgvInput))\n#35 {main}','2025-11-25 07:48:07'),(3,'c88edd81-588e-49b3-a122-61a6e7cbd2d9','database','default','{\"uuid\":\"c88edd81-588e-49b3-a122-61a6e7cbd2d9\",\"displayName\":\"Illuminate\\\\Notifications\\\\Events\\\\BroadcastNotificationCreated\",\"job\":\"Illuminate\\\\Queue\\\\CallQueuedHandler@call\",\"maxTries\":null,\"maxExceptions\":null,\"failOnTimeout\":false,\"backoff\":null,\"timeout\":null,\"retryUntil\":null,\"data\":{\"commandName\":\"Illuminate\\\\Broadcasting\\\\BroadcastEvent\",\"command\":\"O:38:\\\"Illuminate\\\\Broadcasting\\\\BroadcastEvent\\\":17:{s:5:\\\"event\\\";O:60:\\\"Illuminate\\\\Notifications\\\\Events\\\\BroadcastNotificationCreated\\\":3:{s:10:\\\"notifiable\\\";O:45:\\\"Illuminate\\\\Contracts\\\\Database\\\\ModelIdentifier\\\":5:{s:5:\\\"class\\\";s:15:\\\"App\\\\Models\\\\User\\\";s:2:\\\"id\\\";i:5;s:9:\\\"relations\\\";a:0:{}s:10:\\\"connection\\\";s:5:\\\"mysql\\\";s:15:\\\"collectionClass\\\";N;}s:12:\\\"notification\\\";O:40:\\\"App\\\\Notifications\\\\ComplaintStatusUpdated\\\":3:{s:12:\\\"\\u0000*\\u0000complaint\\\";O:45:\\\"Illuminate\\\\Contracts\\\\Database\\\\ModelIdentifier\\\":5:{s:5:\\\"class\\\";s:20:\\\"App\\\\Models\\\\Complaint\\\";s:2:\\\"id\\\";i:1;s:9:\\\"relations\\\";a:3:{i:0;s:10:\\\"statusLogs\\\";i:1;s:5:\\\"files\\\";i:2;s:4:\\\"user\\\";}s:10:\\\"connection\\\";s:5:\\\"mysql\\\";s:15:\\\"collectionClass\\\";N;}s:12:\\\"\\u0000*\\u0000newStatus\\\";s:8:\\\"rejected\\\";s:2:\\\"id\\\";s:36:\\\"54b18995-054f-48ec-b926-4e90d96f066c\\\";}s:4:\\\"data\\\";a:3:{s:12:\\\"complaint_id\\\";i:1;s:10:\\\"new_status\\\";s:8:\\\"rejected\\\";s:7:\\\"message\\\";s:54:\\\"تم تحديث حالة الشكوى إلى: rejected\\\";}}s:5:\\\"tries\\\";N;s:7:\\\"timeout\\\";N;s:7:\\\"backoff\\\";N;s:13:\\\"maxExceptions\\\";N;s:23:\\\"deleteWhenMissingModels\\\";b:1;s:10:\\\"connection\\\";N;s:5:\\\"queue\\\";N;s:12:\\\"messageGroup\\\";N;s:12:\\\"deduplicator\\\";N;s:5:\\\"delay\\\";N;s:11:\\\"afterCommit\\\";N;s:10:\\\"middleware\\\";a:0:{}s:7:\\\"chained\\\";a:0:{}s:15:\\\"chainConnection\\\";N;s:10:\\\"chainQueue\\\";N;s:19:\\\"chainCatchCallbacks\\\";N;}\"},\"createdAt\":1764067470,\"delay\":null}','Illuminate\\Broadcasting\\BroadcastException: Pusher error: cURL error 28: Resolving timed out after 10010 milliseconds (see https://curl.haxx.se/libcurl/c/libcurl-errors.html) for https://api-eu.pusher.com/apps/2081780/events?auth_key=c4c936bfd9aa7f5b6b8c&auth_timestamp=1764067687&auth_version=1.0&body_md5=bb6759be3f27ffa499abc6dbfb62be44&auth_signature=866d89e05e4c0be95c45e5349647b3f09e5919f9b3674f7d80601fdceae0ea6b. in E:\\InternetApp\\complaints-system\\vendor\\laravel\\framework\\src\\Illuminate\\Broadcasting\\Broadcasters\\PusherBroadcaster.php:163\nStack trace:\n#0 E:\\InternetApp\\complaints-system\\vendor\\laravel\\framework\\src\\Illuminate\\Broadcasting\\BroadcastEvent.php(100): Illuminate\\Broadcasting\\Broadcasters\\PusherBroadcaster->broadcast(Object(Illuminate\\Support\\Collection), \'Illuminate\\\\Noti...\', Array)\n#1 E:\\InternetApp\\complaints-system\\vendor\\laravel\\framework\\src\\Illuminate\\Container\\BoundMethod.php(36): Illuminate\\Broadcasting\\BroadcastEvent->handle(Object(Illuminate\\Broadcasting\\BroadcastManager))\n#2 E:\\InternetApp\\complaints-system\\vendor\\laravel\\framework\\src\\Illuminate\\Container\\Util.php(43): Illuminate\\Container\\BoundMethod::Illuminate\\Container\\{closure}()\n#3 E:\\InternetApp\\complaints-system\\vendor\\laravel\\framework\\src\\Illuminate\\Container\\BoundMethod.php(96): Illuminate\\Container\\Util::unwrapIfClosure(Object(Closure))\n#4 E:\\InternetApp\\complaints-system\\vendor\\laravel\\framework\\src\\Illuminate\\Container\\BoundMethod.php(35): Illuminate\\Container\\BoundMethod::callBoundMethod(Object(Illuminate\\Foundation\\Application), Array, Object(Closure))\n#5 E:\\InternetApp\\complaints-system\\vendor\\laravel\\framework\\src\\Illuminate\\Container\\Container.php(836): Illuminate\\Container\\BoundMethod::call(Object(Illuminate\\Foundation\\Application), Array, Array, NULL)\n#6 E:\\InternetApp\\complaints-system\\vendor\\laravel\\framework\\src\\Illuminate\\Bus\\Dispatcher.php(129): Illuminate\\Container\\Container->call(Array)\n#7 E:\\InternetApp\\complaints-system\\vendor\\laravel\\framework\\src\\Illuminate\\Pipeline\\Pipeline.php(180): Illuminate\\Bus\\Dispatcher->Illuminate\\Bus\\{closure}(Object(Illuminate\\Broadcasting\\BroadcastEvent))\n#8 E:\\InternetApp\\complaints-system\\vendor\\laravel\\framework\\src\\Illuminate\\Pipeline\\Pipeline.php(137): Illuminate\\Pipeline\\Pipeline->Illuminate\\Pipeline\\{closure}(Object(Illuminate\\Broadcasting\\BroadcastEvent))\n#9 E:\\InternetApp\\complaints-system\\vendor\\laravel\\framework\\src\\Illuminate\\Bus\\Dispatcher.php(133): Illuminate\\Pipeline\\Pipeline->then(Object(Closure))\n#10 E:\\InternetApp\\complaints-system\\vendor\\laravel\\framework\\src\\Illuminate\\Queue\\CallQueuedHandler.php(134): Illuminate\\Bus\\Dispatcher->dispatchNow(Object(Illuminate\\Broadcasting\\BroadcastEvent), false)\n#11 E:\\InternetApp\\complaints-system\\vendor\\laravel\\framework\\src\\Illuminate\\Pipeline\\Pipeline.php(180): Illuminate\\Queue\\CallQueuedHandler->Illuminate\\Queue\\{closure}(Object(Illuminate\\Broadcasting\\BroadcastEvent))\n#12 E:\\InternetApp\\complaints-system\\vendor\\laravel\\framework\\src\\Illuminate\\Pipeline\\Pipeline.php(137): Illuminate\\Pipeline\\Pipeline->Illuminate\\Pipeline\\{closure}(Object(Illuminate\\Broadcasting\\BroadcastEvent))\n#13 E:\\InternetApp\\complaints-system\\vendor\\laravel\\framework\\src\\Illuminate\\Queue\\CallQueuedHandler.php(127): Illuminate\\Pipeline\\Pipeline->then(Object(Closure))\n#14 E:\\InternetApp\\complaints-system\\vendor\\laravel\\framework\\src\\Illuminate\\Queue\\CallQueuedHandler.php(68): Illuminate\\Queue\\CallQueuedHandler->dispatchThroughMiddleware(Object(Illuminate\\Queue\\Jobs\\DatabaseJob), Object(Illuminate\\Broadcasting\\BroadcastEvent))\n#15 E:\\InternetApp\\complaints-system\\vendor\\laravel\\framework\\src\\Illuminate\\Queue\\Jobs\\Job.php(102): Illuminate\\Queue\\CallQueuedHandler->call(Object(Illuminate\\Queue\\Jobs\\DatabaseJob), Array)\n#16 E:\\InternetApp\\complaints-system\\vendor\\laravel\\framework\\src\\Illuminate\\Queue\\Worker.php(451): Illuminate\\Queue\\Jobs\\Job->fire()\n#17 E:\\InternetApp\\complaints-system\\vendor\\laravel\\framework\\src\\Illuminate\\Queue\\Worker.php(401): Illuminate\\Queue\\Worker->process(\'database\', Object(Illuminate\\Queue\\Jobs\\DatabaseJob), Object(Illuminate\\Queue\\WorkerOptions))\n#18 E:\\InternetApp\\complaints-system\\vendor\\laravel\\framework\\src\\Illuminate\\Queue\\Worker.php(187): Illuminate\\Queue\\Worker->runJob(Object(Illuminate\\Queue\\Jobs\\DatabaseJob), \'database\', Object(Illuminate\\Queue\\WorkerOptions))\n#19 E:\\InternetApp\\complaints-system\\vendor\\laravel\\framework\\src\\Illuminate\\Queue\\Console\\WorkCommand.php(148): Illuminate\\Queue\\Worker->daemon(\'database\', \'default\', Object(Illuminate\\Queue\\WorkerOptions))\n#20 E:\\InternetApp\\complaints-system\\vendor\\laravel\\framework\\src\\Illuminate\\Queue\\Console\\WorkCommand.php(131): Illuminate\\Queue\\Console\\WorkCommand->runWorker(\'database\', \'default\')\n#21 E:\\InternetApp\\complaints-system\\vendor\\laravel\\framework\\src\\Illuminate\\Container\\BoundMethod.php(36): Illuminate\\Queue\\Console\\WorkCommand->handle()\n#22 E:\\InternetApp\\complaints-system\\vendor\\laravel\\framework\\src\\Illuminate\\Container\\Util.php(43): Illuminate\\Container\\BoundMethod::Illuminate\\Container\\{closure}()\n#23 E:\\InternetApp\\complaints-system\\vendor\\laravel\\framework\\src\\Illuminate\\Container\\BoundMethod.php(96): Illuminate\\Container\\Util::unwrapIfClosure(Object(Closure))\n#24 E:\\InternetApp\\complaints-system\\vendor\\laravel\\framework\\src\\Illuminate\\Container\\BoundMethod.php(35): Illuminate\\Container\\BoundMethod::callBoundMethod(Object(Illuminate\\Foundation\\Application), Array, Object(Closure))\n#25 E:\\InternetApp\\complaints-system\\vendor\\laravel\\framework\\src\\Illuminate\\Container\\Container.php(836): Illuminate\\Container\\BoundMethod::call(Object(Illuminate\\Foundation\\Application), Array, Array, NULL)\n#26 E:\\InternetApp\\complaints-system\\vendor\\laravel\\framework\\src\\Illuminate\\Console\\Command.php(211): Illuminate\\Container\\Container->call(Array)\n#27 E:\\InternetApp\\complaints-system\\vendor\\symfony\\console\\Command\\Command.php(318): Illuminate\\Console\\Command->execute(Object(Symfony\\Component\\Console\\Input\\ArgvInput), Object(Illuminate\\Console\\OutputStyle))\n#28 E:\\InternetApp\\complaints-system\\vendor\\laravel\\framework\\src\\Illuminate\\Console\\Command.php(180): Symfony\\Component\\Console\\Command\\Command->run(Object(Symfony\\Component\\Console\\Input\\ArgvInput), Object(Illuminate\\Console\\OutputStyle))\n#29 E:\\InternetApp\\complaints-system\\vendor\\symfony\\console\\Application.php(1073): Illuminate\\Console\\Command->run(Object(Symfony\\Component\\Console\\Input\\ArgvInput), Object(Symfony\\Component\\Console\\Output\\ConsoleOutput))\n#30 E:\\InternetApp\\complaints-system\\vendor\\symfony\\console\\Application.php(356): Symfony\\Component\\Console\\Application->doRunCommand(Object(Illuminate\\Queue\\Console\\WorkCommand), Object(Symfony\\Component\\Console\\Input\\ArgvInput), Object(Symfony\\Component\\Console\\Output\\ConsoleOutput))\n#31 E:\\InternetApp\\complaints-system\\vendor\\symfony\\console\\Application.php(195): Symfony\\Component\\Console\\Application->doRun(Object(Symfony\\Component\\Console\\Input\\ArgvInput), Object(Symfony\\Component\\Console\\Output\\ConsoleOutput))\n#32 E:\\InternetApp\\complaints-system\\vendor\\laravel\\framework\\src\\Illuminate\\Foundation\\Console\\Kernel.php(197): Symfony\\Component\\Console\\Application->run(Object(Symfony\\Component\\Console\\Input\\ArgvInput), Object(Symfony\\Component\\Console\\Output\\ConsoleOutput))\n#33 E:\\InternetApp\\complaints-system\\vendor\\laravel\\framework\\src\\Illuminate\\Foundation\\Application.php(1235): Illuminate\\Foundation\\Console\\Kernel->handle(Object(Symfony\\Component\\Console\\Input\\ArgvInput), Object(Symfony\\Component\\Console\\Output\\ConsoleOutput))\n#34 E:\\InternetApp\\complaints-system\\artisan(16): Illuminate\\Foundation\\Application->handleCommand(Object(Symfony\\Component\\Console\\Input\\ArgvInput))\n#35 {main}','2025-11-25 07:48:20'),(4,'8df309a8-8422-498a-90cb-00aac7cf59ae','database','default','{\"uuid\":\"8df309a8-8422-498a-90cb-00aac7cf59ae\",\"displayName\":\"App\\\\Notifications\\\\ComplaintStatusUpdated\",\"job\":\"Illuminate\\\\Queue\\\\CallQueuedHandler@call\",\"maxTries\":null,\"maxExceptions\":null,\"failOnTimeout\":false,\"backoff\":null,\"timeout\":null,\"retryUntil\":null,\"data\":{\"commandName\":\"Illuminate\\\\Notifications\\\\SendQueuedNotifications\",\"command\":\"O:48:\\\"Illuminate\\\\Notifications\\\\SendQueuedNotifications\\\":3:{s:11:\\\"notifiables\\\";O:45:\\\"Illuminate\\\\Contracts\\\\Database\\\\ModelIdentifier\\\":5:{s:5:\\\"class\\\";s:15:\\\"App\\\\Models\\\\User\\\";s:2:\\\"id\\\";a:1:{i:0;i:5;}s:9:\\\"relations\\\";a:0:{}s:10:\\\"connection\\\";s:5:\\\"mysql\\\";s:15:\\\"collectionClass\\\";N;}s:12:\\\"notification\\\";O:40:\\\"App\\\\Notifications\\\\ComplaintStatusUpdated\\\":3:{s:12:\\\"\\u0000*\\u0000complaint\\\";O:45:\\\"Illuminate\\\\Contracts\\\\Database\\\\ModelIdentifier\\\":5:{s:5:\\\"class\\\";s:20:\\\"App\\\\Models\\\\Complaint\\\";s:2:\\\"id\\\";i:1;s:9:\\\"relations\\\";a:3:{i:0;s:10:\\\"statusLogs\\\";i:1;s:5:\\\"files\\\";i:2;s:4:\\\"user\\\";}s:10:\\\"connection\\\";s:5:\\\"mysql\\\";s:15:\\\"collectionClass\\\";N;}s:12:\\\"\\u0000*\\u0000newStatus\\\";s:8:\\\"rejected\\\";s:2:\\\"id\\\";s:36:\\\"cdc4b7d6-ff94-4f1c-946e-0f93670f60b8\\\";}s:8:\\\"channels\\\";a:1:{i:0;s:4:\\\"mail\\\";}}\"},\"createdAt\":1764068816,\"delay\":null}','Illuminate\\Queue\\MaxAttemptsExceededException: App\\Notifications\\ComplaintStatusUpdated has been attempted too many times. in E:\\InternetApp\\complaints-system\\vendor\\laravel\\framework\\src\\Illuminate\\Queue\\MaxAttemptsExceededException.php:24\nStack trace:\n#0 E:\\InternetApp\\complaints-system\\vendor\\laravel\\framework\\src\\Illuminate\\Queue\\Worker.php(817): Illuminate\\Queue\\MaxAttemptsExceededException::forJob(Object(Illuminate\\Queue\\Jobs\\DatabaseJob))\n#1 E:\\InternetApp\\complaints-system\\vendor\\laravel\\framework\\src\\Illuminate\\Queue\\Worker.php(537): Illuminate\\Queue\\Worker->maxAttemptsExceededException(Object(Illuminate\\Queue\\Jobs\\DatabaseJob))\n#2 E:\\InternetApp\\complaints-system\\vendor\\laravel\\framework\\src\\Illuminate\\Queue\\Worker.php(440): Illuminate\\Queue\\Worker->markJobAsFailedIfAlreadyExceedsMaxAttempts(\'database\', Object(Illuminate\\Queue\\Jobs\\DatabaseJob), 1)\n#3 E:\\InternetApp\\complaints-system\\vendor\\laravel\\framework\\src\\Illuminate\\Queue\\Worker.php(401): Illuminate\\Queue\\Worker->process(\'database\', Object(Illuminate\\Queue\\Jobs\\DatabaseJob), Object(Illuminate\\Queue\\WorkerOptions))\n#4 E:\\InternetApp\\complaints-system\\vendor\\laravel\\framework\\src\\Illuminate\\Queue\\Worker.php(187): Illuminate\\Queue\\Worker->runJob(Object(Illuminate\\Queue\\Jobs\\DatabaseJob), \'database\', Object(Illuminate\\Queue\\WorkerOptions))\n#5 E:\\InternetApp\\complaints-system\\vendor\\laravel\\framework\\src\\Illuminate\\Queue\\Console\\WorkCommand.php(148): Illuminate\\Queue\\Worker->daemon(\'database\', \'default\', Object(Illuminate\\Queue\\WorkerOptions))\n#6 E:\\InternetApp\\complaints-system\\vendor\\laravel\\framework\\src\\Illuminate\\Queue\\Console\\WorkCommand.php(131): Illuminate\\Queue\\Console\\WorkCommand->runWorker(\'database\', \'default\')\n#7 E:\\InternetApp\\complaints-system\\vendor\\laravel\\framework\\src\\Illuminate\\Container\\BoundMethod.php(36): Illuminate\\Queue\\Console\\WorkCommand->handle()\n#8 E:\\InternetApp\\complaints-system\\vendor\\laravel\\framework\\src\\Illuminate\\Container\\Util.php(43): Illuminate\\Container\\BoundMethod::Illuminate\\Container\\{closure}()\n#9 E:\\InternetApp\\complaints-system\\vendor\\laravel\\framework\\src\\Illuminate\\Container\\BoundMethod.php(96): Illuminate\\Container\\Util::unwrapIfClosure(Object(Closure))\n#10 E:\\InternetApp\\complaints-system\\vendor\\laravel\\framework\\src\\Illuminate\\Container\\BoundMethod.php(35): Illuminate\\Container\\BoundMethod::callBoundMethod(Object(Illuminate\\Foundation\\Application), Array, Object(Closure))\n#11 E:\\InternetApp\\complaints-system\\vendor\\laravel\\framework\\src\\Illuminate\\Container\\Container.php(836): Illuminate\\Container\\BoundMethod::call(Object(Illuminate\\Foundation\\Application), Array, Array, NULL)\n#12 E:\\InternetApp\\complaints-system\\vendor\\laravel\\framework\\src\\Illuminate\\Console\\Command.php(211): Illuminate\\Container\\Container->call(Array)\n#13 E:\\InternetApp\\complaints-system\\vendor\\symfony\\console\\Command\\Command.php(318): Illuminate\\Console\\Command->execute(Object(Symfony\\Component\\Console\\Input\\ArgvInput), Object(Illuminate\\Console\\OutputStyle))\n#14 E:\\InternetApp\\complaints-system\\vendor\\laravel\\framework\\src\\Illuminate\\Console\\Command.php(180): Symfony\\Component\\Console\\Command\\Command->run(Object(Symfony\\Component\\Console\\Input\\ArgvInput), Object(Illuminate\\Console\\OutputStyle))\n#15 E:\\InternetApp\\complaints-system\\vendor\\symfony\\console\\Application.php(1073): Illuminate\\Console\\Command->run(Object(Symfony\\Component\\Console\\Input\\ArgvInput), Object(Symfony\\Component\\Console\\Output\\ConsoleOutput))\n#16 E:\\InternetApp\\complaints-system\\vendor\\symfony\\console\\Application.php(356): Symfony\\Component\\Console\\Application->doRunCommand(Object(Illuminate\\Queue\\Console\\WorkCommand), Object(Symfony\\Component\\Console\\Input\\ArgvInput), Object(Symfony\\Component\\Console\\Output\\ConsoleOutput))\n#17 E:\\InternetApp\\complaints-system\\vendor\\symfony\\console\\Application.php(195): Symfony\\Component\\Console\\Application->doRun(Object(Symfony\\Component\\Console\\Input\\ArgvInput), Object(Symfony\\Component\\Console\\Output\\ConsoleOutput))\n#18 E:\\InternetApp\\complaints-system\\vendor\\laravel\\framework\\src\\Illuminate\\Foundation\\Console\\Kernel.php(197): Symfony\\Component\\Console\\Application->run(Object(Symfony\\Component\\Console\\Input\\ArgvInput), Object(Symfony\\Component\\Console\\Output\\ConsoleOutput))\n#19 E:\\InternetApp\\complaints-system\\vendor\\laravel\\framework\\src\\Illuminate\\Foundation\\Application.php(1235): Illuminate\\Foundation\\Console\\Kernel->handle(Object(Symfony\\Component\\Console\\Input\\ArgvInput), Object(Symfony\\Component\\Console\\Output\\ConsoleOutput))\n#20 E:\\InternetApp\\complaints-system\\artisan(16): Illuminate\\Foundation\\Application->handleCommand(Object(Symfony\\Component\\Console\\Input\\ArgvInput))\n#21 {main}','2025-11-25 08:16:02'),(5,'71917f2c-51cc-4626-a1b9-40be4bdb9c3e','database','default','{\"uuid\":\"71917f2c-51cc-4626-a1b9-40be4bdb9c3e\",\"displayName\":\"Illuminate\\\\Notifications\\\\Events\\\\BroadcastNotificationCreated\",\"job\":\"Illuminate\\\\Queue\\\\CallQueuedHandler@call\",\"maxTries\":null,\"maxExceptions\":null,\"failOnTimeout\":false,\"backoff\":null,\"timeout\":null,\"retryUntil\":null,\"data\":{\"commandName\":\"Illuminate\\\\Broadcasting\\\\BroadcastEvent\",\"command\":\"O:38:\\\"Illuminate\\\\Broadcasting\\\\BroadcastEvent\\\":17:{s:5:\\\"event\\\";O:60:\\\"Illuminate\\\\Notifications\\\\Events\\\\BroadcastNotificationCreated\\\":3:{s:10:\\\"notifiable\\\";O:45:\\\"Illuminate\\\\Contracts\\\\Database\\\\ModelIdentifier\\\":5:{s:5:\\\"class\\\";s:15:\\\"App\\\\Models\\\\User\\\";s:2:\\\"id\\\";i:5;s:9:\\\"relations\\\";a:0:{}s:10:\\\"connection\\\";s:5:\\\"mysql\\\";s:15:\\\"collectionClass\\\";N;}s:12:\\\"notification\\\";O:40:\\\"App\\\\Notifications\\\\ComplaintStatusUpdated\\\":3:{s:12:\\\"\\u0000*\\u0000complaint\\\";O:45:\\\"Illuminate\\\\Contracts\\\\Database\\\\ModelIdentifier\\\":5:{s:5:\\\"class\\\";s:20:\\\"App\\\\Models\\\\Complaint\\\";s:2:\\\"id\\\";i:1;s:9:\\\"relations\\\";a:3:{i:0;s:10:\\\"statusLogs\\\";i:1;s:5:\\\"files\\\";i:2;s:4:\\\"user\\\";}s:10:\\\"connection\\\";s:5:\\\"mysql\\\";s:15:\\\"collectionClass\\\";N;}s:12:\\\"\\u0000*\\u0000newStatus\\\";s:8:\\\"rejected\\\";s:2:\\\"id\\\";s:36:\\\"cdc4b7d6-ff94-4f1c-946e-0f93670f60b8\\\";}s:4:\\\"data\\\";a:3:{s:12:\\\"complaint_id\\\";i:1;s:10:\\\"new_status\\\";s:8:\\\"rejected\\\";s:7:\\\"message\\\";s:54:\\\"تم تحديث حالة الشكوى إلى: rejected\\\";}}s:5:\\\"tries\\\";N;s:7:\\\"timeout\\\";N;s:7:\\\"backoff\\\";N;s:13:\\\"maxExceptions\\\";N;s:23:\\\"deleteWhenMissingModels\\\";b:1;s:10:\\\"connection\\\";N;s:5:\\\"queue\\\";N;s:12:\\\"messageGroup\\\";N;s:12:\\\"deduplicator\\\";N;s:5:\\\"delay\\\";N;s:11:\\\"afterCommit\\\";N;s:10:\\\"middleware\\\";a:0:{}s:7:\\\"chained\\\";a:0:{}s:15:\\\"chainConnection\\\";N;s:10:\\\"chainQueue\\\";N;s:19:\\\"chainCatchCallbacks\\\";N;}\"},\"createdAt\":1764069243,\"delay\":null}','Illuminate\\Broadcasting\\BroadcastException: Pusher error: cURL error 28: Failed to connect to api-eu.pusher.com port 443 after 10010 ms: Timeout was reached (see https://curl.haxx.se/libcurl/c/libcurl-errors.html) for https://api-eu.pusher.com/apps/2081780/events?auth_key=c4c936bfd9aa7f5b6b8c&auth_timestamp=1764069362&auth_version=1.0&body_md5=e694bb231d90feec32d969d64c70eabe&auth_signature=302b8def56f03c2d737fab5571a782bedc00c43a5e42bb716a07257471d8f9d9. in E:\\InternetApp\\complaints-system\\vendor\\laravel\\framework\\src\\Illuminate\\Broadcasting\\Broadcasters\\PusherBroadcaster.php:163\nStack trace:\n#0 E:\\InternetApp\\complaints-system\\vendor\\laravel\\framework\\src\\Illuminate\\Broadcasting\\BroadcastEvent.php(100): Illuminate\\Broadcasting\\Broadcasters\\PusherBroadcaster->broadcast(Object(Illuminate\\Support\\Collection), \'Illuminate\\\\Noti...\', Array)\n#1 E:\\InternetApp\\complaints-system\\vendor\\laravel\\framework\\src\\Illuminate\\Container\\BoundMethod.php(36): Illuminate\\Broadcasting\\BroadcastEvent->handle(Object(Illuminate\\Broadcasting\\BroadcastManager))\n#2 E:\\InternetApp\\complaints-system\\vendor\\laravel\\framework\\src\\Illuminate\\Container\\Util.php(43): Illuminate\\Container\\BoundMethod::Illuminate\\Container\\{closure}()\n#3 E:\\InternetApp\\complaints-system\\vendor\\laravel\\framework\\src\\Illuminate\\Container\\BoundMethod.php(96): Illuminate\\Container\\Util::unwrapIfClosure(Object(Closure))\n#4 E:\\InternetApp\\complaints-system\\vendor\\laravel\\framework\\src\\Illuminate\\Container\\BoundMethod.php(35): Illuminate\\Container\\BoundMethod::callBoundMethod(Object(Illuminate\\Foundation\\Application), Array, Object(Closure))\n#5 E:\\InternetApp\\complaints-system\\vendor\\laravel\\framework\\src\\Illuminate\\Container\\Container.php(836): Illuminate\\Container\\BoundMethod::call(Object(Illuminate\\Foundation\\Application), Array, Array, NULL)\n#6 E:\\InternetApp\\complaints-system\\vendor\\laravel\\framework\\src\\Illuminate\\Bus\\Dispatcher.php(129): Illuminate\\Container\\Container->call(Array)\n#7 E:\\InternetApp\\complaints-system\\vendor\\laravel\\framework\\src\\Illuminate\\Pipeline\\Pipeline.php(180): Illuminate\\Bus\\Dispatcher->Illuminate\\Bus\\{closure}(Object(Illuminate\\Broadcasting\\BroadcastEvent))\n#8 E:\\InternetApp\\complaints-system\\vendor\\laravel\\framework\\src\\Illuminate\\Pipeline\\Pipeline.php(137): Illuminate\\Pipeline\\Pipeline->Illuminate\\Pipeline\\{closure}(Object(Illuminate\\Broadcasting\\BroadcastEvent))\n#9 E:\\InternetApp\\complaints-system\\vendor\\laravel\\framework\\src\\Illuminate\\Bus\\Dispatcher.php(133): Illuminate\\Pipeline\\Pipeline->then(Object(Closure))\n#10 E:\\InternetApp\\complaints-system\\vendor\\laravel\\framework\\src\\Illuminate\\Queue\\CallQueuedHandler.php(134): Illuminate\\Bus\\Dispatcher->dispatchNow(Object(Illuminate\\Broadcasting\\BroadcastEvent), false)\n#11 E:\\InternetApp\\complaints-system\\vendor\\laravel\\framework\\src\\Illuminate\\Pipeline\\Pipeline.php(180): Illuminate\\Queue\\CallQueuedHandler->Illuminate\\Queue\\{closure}(Object(Illuminate\\Broadcasting\\BroadcastEvent))\n#12 E:\\InternetApp\\complaints-system\\vendor\\laravel\\framework\\src\\Illuminate\\Pipeline\\Pipeline.php(137): Illuminate\\Pipeline\\Pipeline->Illuminate\\Pipeline\\{closure}(Object(Illuminate\\Broadcasting\\BroadcastEvent))\n#13 E:\\InternetApp\\complaints-system\\vendor\\laravel\\framework\\src\\Illuminate\\Queue\\CallQueuedHandler.php(127): Illuminate\\Pipeline\\Pipeline->then(Object(Closure))\n#14 E:\\InternetApp\\complaints-system\\vendor\\laravel\\framework\\src\\Illuminate\\Queue\\CallQueuedHandler.php(68): Illuminate\\Queue\\CallQueuedHandler->dispatchThroughMiddleware(Object(Illuminate\\Queue\\Jobs\\DatabaseJob), Object(Illuminate\\Broadcasting\\BroadcastEvent))\n#15 E:\\InternetApp\\complaints-system\\vendor\\laravel\\framework\\src\\Illuminate\\Queue\\Jobs\\Job.php(102): Illuminate\\Queue\\CallQueuedHandler->call(Object(Illuminate\\Queue\\Jobs\\DatabaseJob), Array)\n#16 E:\\InternetApp\\complaints-system\\vendor\\laravel\\framework\\src\\Illuminate\\Queue\\Worker.php(451): Illuminate\\Queue\\Jobs\\Job->fire()\n#17 E:\\InternetApp\\complaints-system\\vendor\\laravel\\framework\\src\\Illuminate\\Queue\\Worker.php(401): Illuminate\\Queue\\Worker->process(\'database\', Object(Illuminate\\Queue\\Jobs\\DatabaseJob), Object(Illuminate\\Queue\\WorkerOptions))\n#18 E:\\InternetApp\\complaints-system\\vendor\\laravel\\framework\\src\\Illuminate\\Queue\\Worker.php(187): Illuminate\\Queue\\Worker->runJob(Object(Illuminate\\Queue\\Jobs\\DatabaseJob), \'database\', Object(Illuminate\\Queue\\WorkerOptions))\n#19 E:\\InternetApp\\complaints-system\\vendor\\laravel\\framework\\src\\Illuminate\\Queue\\Console\\WorkCommand.php(148): Illuminate\\Queue\\Worker->daemon(\'database\', \'default\', Object(Illuminate\\Queue\\WorkerOptions))\n#20 E:\\InternetApp\\complaints-system\\vendor\\laravel\\framework\\src\\Illuminate\\Queue\\Console\\WorkCommand.php(131): Illuminate\\Queue\\Console\\WorkCommand->runWorker(\'database\', \'default\')\n#21 E:\\InternetApp\\complaints-system\\vendor\\laravel\\framework\\src\\Illuminate\\Container\\BoundMethod.php(36): Illuminate\\Queue\\Console\\WorkCommand->handle()\n#22 E:\\InternetApp\\complaints-system\\vendor\\laravel\\framework\\src\\Illuminate\\Container\\Util.php(43): Illuminate\\Container\\BoundMethod::Illuminate\\Container\\{closure}()\n#23 E:\\InternetApp\\complaints-system\\vendor\\laravel\\framework\\src\\Illuminate\\Container\\BoundMethod.php(96): Illuminate\\Container\\Util::unwrapIfClosure(Object(Closure))\n#24 E:\\InternetApp\\complaints-system\\vendor\\laravel\\framework\\src\\Illuminate\\Container\\BoundMethod.php(35): Illuminate\\Container\\BoundMethod::callBoundMethod(Object(Illuminate\\Foundation\\Application), Array, Object(Closure))\n#25 E:\\InternetApp\\complaints-system\\vendor\\laravel\\framework\\src\\Illuminate\\Container\\Container.php(836): Illuminate\\Container\\BoundMethod::call(Object(Illuminate\\Foundation\\Application), Array, Array, NULL)\n#26 E:\\InternetApp\\complaints-system\\vendor\\laravel\\framework\\src\\Illuminate\\Console\\Command.php(211): Illuminate\\Container\\Container->call(Array)\n#27 E:\\InternetApp\\complaints-system\\vendor\\symfony\\console\\Command\\Command.php(318): Illuminate\\Console\\Command->execute(Object(Symfony\\Component\\Console\\Input\\ArgvInput), Object(Illuminate\\Console\\OutputStyle))\n#28 E:\\InternetApp\\complaints-system\\vendor\\laravel\\framework\\src\\Illuminate\\Console\\Command.php(180): Symfony\\Component\\Console\\Command\\Command->run(Object(Symfony\\Component\\Console\\Input\\ArgvInput), Object(Illuminate\\Console\\OutputStyle))\n#29 E:\\InternetApp\\complaints-system\\vendor\\symfony\\console\\Application.php(1073): Illuminate\\Console\\Command->run(Object(Symfony\\Component\\Console\\Input\\ArgvInput), Object(Symfony\\Component\\Console\\Output\\ConsoleOutput))\n#30 E:\\InternetApp\\complaints-system\\vendor\\symfony\\console\\Application.php(356): Symfony\\Component\\Console\\Application->doRunCommand(Object(Illuminate\\Queue\\Console\\WorkCommand), Object(Symfony\\Component\\Console\\Input\\ArgvInput), Object(Symfony\\Component\\Console\\Output\\ConsoleOutput))\n#31 E:\\InternetApp\\complaints-system\\vendor\\symfony\\console\\Application.php(195): Symfony\\Component\\Console\\Application->doRun(Object(Symfony\\Component\\Console\\Input\\ArgvInput), Object(Symfony\\Component\\Console\\Output\\ConsoleOutput))\n#32 E:\\InternetApp\\complaints-system\\vendor\\laravel\\framework\\src\\Illuminate\\Foundation\\Console\\Kernel.php(197): Symfony\\Component\\Console\\Application->run(Object(Symfony\\Component\\Console\\Input\\ArgvInput), Object(Symfony\\Component\\Console\\Output\\ConsoleOutput))\n#33 E:\\InternetApp\\complaints-system\\vendor\\laravel\\framework\\src\\Illuminate\\Foundation\\Application.php(1235): Illuminate\\Foundation\\Console\\Kernel->handle(Object(Symfony\\Component\\Console\\Input\\ArgvInput), Object(Symfony\\Component\\Console\\Output\\ConsoleOutput))\n#34 E:\\InternetApp\\complaints-system\\artisan(16): Illuminate\\Foundation\\Application->handleCommand(Object(Symfony\\Component\\Console\\Input\\ArgvInput))\n#35 {main}','2025-11-25 08:16:12'),(6,'78ad7c0a-1ccb-4d62-95e7-5b266b3963c2','database','default','{\"uuid\":\"78ad7c0a-1ccb-4d62-95e7-5b266b3963c2\",\"displayName\":\"App\\\\Notifications\\\\ComplaintStatusUpdated\",\"job\":\"Illuminate\\\\Queue\\\\CallQueuedHandler@call\",\"maxTries\":null,\"maxExceptions\":null,\"failOnTimeout\":false,\"backoff\":null,\"timeout\":null,\"retryUntil\":null,\"data\":{\"commandName\":\"Illuminate\\\\Notifications\\\\SendQueuedNotifications\",\"command\":\"O:48:\\\"Illuminate\\\\Notifications\\\\SendQueuedNotifications\\\":3:{s:11:\\\"notifiables\\\";O:45:\\\"Illuminate\\\\Contracts\\\\Database\\\\ModelIdentifier\\\":5:{s:5:\\\"class\\\";s:15:\\\"App\\\\Models\\\\User\\\";s:2:\\\"id\\\";a:1:{i:0;i:5;}s:9:\\\"relations\\\";a:0:{}s:10:\\\"connection\\\";s:5:\\\"mysql\\\";s:15:\\\"collectionClass\\\";N;}s:12:\\\"notification\\\";O:40:\\\"App\\\\Notifications\\\\ComplaintStatusUpdated\\\":3:{s:12:\\\"\\u0000*\\u0000complaint\\\";O:45:\\\"Illuminate\\\\Contracts\\\\Database\\\\ModelIdentifier\\\":5:{s:5:\\\"class\\\";s:20:\\\"App\\\\Models\\\\Complaint\\\";s:2:\\\"id\\\";i:1;s:9:\\\"relations\\\";a:3:{i:0;s:10:\\\"statusLogs\\\";i:1;s:5:\\\"files\\\";i:2;s:4:\\\"user\\\";}s:10:\\\"connection\\\";s:5:\\\"mysql\\\";s:15:\\\"collectionClass\\\";N;}s:12:\\\"\\u0000*\\u0000newStatus\\\";s:10:\\\"processing\\\";s:2:\\\"id\\\";s:36:\\\"577195a1-8864-4a39-a573-de733fec7988\\\";}s:8:\\\"channels\\\";a:1:{i:0;s:4:\\\"mail\\\";}}\"},\"createdAt\":1764069513,\"delay\":null}','Symfony\\Component\\Mailer\\Exception\\TransportException: Unable to connect with STARTTLS. in E:\\InternetApp\\complaints-system\\vendor\\symfony\\mailer\\Transport\\Smtp\\EsmtpTransport.php:186\nStack trace:\n#0 E:\\InternetApp\\complaints-system\\vendor\\symfony\\mailer\\Transport\\Smtp\\EsmtpTransport.php(150): Symfony\\Component\\Mailer\\Transport\\Smtp\\EsmtpTransport->doEhloCommand()\n#1 E:\\InternetApp\\complaints-system\\vendor\\symfony\\mailer\\Transport\\Smtp\\SmtpTransport.php(244): Symfony\\Component\\Mailer\\Transport\\Smtp\\EsmtpTransport->executeCommand(\'HELO localhost\\r...\', Array)\n#2 E:\\InternetApp\\complaints-system\\vendor\\symfony\\mailer\\Transport\\Smtp\\SmtpTransport.php(270): Symfony\\Component\\Mailer\\Transport\\Smtp\\SmtpTransport->doHeloCommand()\n#3 E:\\InternetApp\\complaints-system\\vendor\\symfony\\mailer\\Transport\\Smtp\\SmtpTransport.php(200): Symfony\\Component\\Mailer\\Transport\\Smtp\\SmtpTransport->start()\n#4 E:\\InternetApp\\complaints-system\\vendor\\symfony\\mailer\\Transport\\AbstractTransport.php(69): Symfony\\Component\\Mailer\\Transport\\Smtp\\SmtpTransport->doSend(Object(Symfony\\Component\\Mailer\\SentMessage))\n#5 E:\\InternetApp\\complaints-system\\vendor\\symfony\\mailer\\Transport\\Smtp\\SmtpTransport.php(138): Symfony\\Component\\Mailer\\Transport\\AbstractTransport->send(Object(Symfony\\Component\\Mime\\Email), Object(Symfony\\Component\\Mailer\\DelayedEnvelope))\n#6 E:\\InternetApp\\complaints-system\\vendor\\laravel\\framework\\src\\Illuminate\\Mail\\Mailer.php(584): Symfony\\Component\\Mailer\\Transport\\Smtp\\SmtpTransport->send(Object(Symfony\\Component\\Mime\\Email), Object(Symfony\\Component\\Mailer\\DelayedEnvelope))\n#7 E:\\InternetApp\\complaints-system\\vendor\\laravel\\framework\\src\\Illuminate\\Mail\\Mailer.php(331): Illuminate\\Mail\\Mailer->sendSymfonyMessage(Object(Symfony\\Component\\Mime\\Email))\n#8 E:\\InternetApp\\complaints-system\\vendor\\laravel\\framework\\src\\Illuminate\\Notifications\\Channels\\MailChannel.php(66): Illuminate\\Mail\\Mailer->send(Object(Closure), Array, Object(Closure))\n#9 E:\\InternetApp\\complaints-system\\vendor\\laravel\\framework\\src\\Illuminate\\Notifications\\NotificationSender.php(163): Illuminate\\Notifications\\Channels\\MailChannel->send(Object(App\\Models\\User), Object(App\\Notifications\\ComplaintStatusUpdated))\n#10 E:\\InternetApp\\complaints-system\\vendor\\laravel\\framework\\src\\Illuminate\\Notifications\\NotificationSender.php(118): Illuminate\\Notifications\\NotificationSender->sendToNotifiable(Object(App\\Models\\User), \'6a7a76d5-55a8-4...\', Object(App\\Notifications\\ComplaintStatusUpdated), \'mail\')\n#11 E:\\InternetApp\\complaints-system\\vendor\\laravel\\framework\\src\\Illuminate\\Support\\Traits\\Localizable.php(19): Illuminate\\Notifications\\NotificationSender->Illuminate\\Notifications\\{closure}()\n#12 E:\\InternetApp\\complaints-system\\vendor\\laravel\\framework\\src\\Illuminate\\Notifications\\NotificationSender.php(113): Illuminate\\Notifications\\NotificationSender->withLocale(NULL, Object(Closure))\n#13 E:\\InternetApp\\complaints-system\\vendor\\laravel\\framework\\src\\Illuminate\\Notifications\\ChannelManager.php(54): Illuminate\\Notifications\\NotificationSender->sendNow(Object(Illuminate\\Database\\Eloquent\\Collection), Object(App\\Notifications\\ComplaintStatusUpdated), Array)\n#14 E:\\InternetApp\\complaints-system\\vendor\\laravel\\framework\\src\\Illuminate\\Notifications\\SendQueuedNotifications.php(118): Illuminate\\Notifications\\ChannelManager->sendNow(Object(Illuminate\\Database\\Eloquent\\Collection), Object(App\\Notifications\\ComplaintStatusUpdated), Array)\n#15 E:\\InternetApp\\complaints-system\\vendor\\laravel\\framework\\src\\Illuminate\\Container\\BoundMethod.php(36): Illuminate\\Notifications\\SendQueuedNotifications->handle(Object(Illuminate\\Notifications\\ChannelManager))\n#16 E:\\InternetApp\\complaints-system\\vendor\\laravel\\framework\\src\\Illuminate\\Container\\Util.php(43): Illuminate\\Container\\BoundMethod::Illuminate\\Container\\{closure}()\n#17 E:\\InternetApp\\complaints-system\\vendor\\laravel\\framework\\src\\Illuminate\\Container\\BoundMethod.php(96): Illuminate\\Container\\Util::unwrapIfClosure(Object(Closure))\n#18 E:\\InternetApp\\complaints-system\\vendor\\laravel\\framework\\src\\Illuminate\\Container\\BoundMethod.php(35): Illuminate\\Container\\BoundMethod::callBoundMethod(Object(Illuminate\\Foundation\\Application), Array, Object(Closure))\n#19 E:\\InternetApp\\complaints-system\\vendor\\laravel\\framework\\src\\Illuminate\\Container\\Container.php(836): Illuminate\\Container\\BoundMethod::call(Object(Illuminate\\Foundation\\Application), Array, Array, NULL)\n#20 E:\\InternetApp\\complaints-system\\vendor\\laravel\\framework\\src\\Illuminate\\Bus\\Dispatcher.php(129): Illuminate\\Container\\Container->call(Array)\n#21 E:\\InternetApp\\complaints-system\\vendor\\laravel\\framework\\src\\Illuminate\\Pipeline\\Pipeline.php(180): Illuminate\\Bus\\Dispatcher->Illuminate\\Bus\\{closure}(Object(Illuminate\\Notifications\\SendQueuedNotifications))\n#22 E:\\InternetApp\\complaints-system\\vendor\\laravel\\framework\\src\\Illuminate\\Pipeline\\Pipeline.php(137): Illuminate\\Pipeline\\Pipeline->Illuminate\\Pipeline\\{closure}(Object(Illuminate\\Notifications\\SendQueuedNotifications))\n#23 E:\\InternetApp\\complaints-system\\vendor\\laravel\\framework\\src\\Illuminate\\Bus\\Dispatcher.php(133): Illuminate\\Pipeline\\Pipeline->then(Object(Closure))\n#24 E:\\InternetApp\\complaints-system\\vendor\\laravel\\framework\\src\\Illuminate\\Queue\\CallQueuedHandler.php(134): Illuminate\\Bus\\Dispatcher->dispatchNow(Object(Illuminate\\Notifications\\SendQueuedNotifications), false)\n#25 E:\\InternetApp\\complaints-system\\vendor\\laravel\\framework\\src\\Illuminate\\Pipeline\\Pipeline.php(180): Illuminate\\Queue\\CallQueuedHandler->Illuminate\\Queue\\{closure}(Object(Illuminate\\Notifications\\SendQueuedNotifications))\n#26 E:\\InternetApp\\complaints-system\\vendor\\laravel\\framework\\src\\Illuminate\\Pipeline\\Pipeline.php(137): Illuminate\\Pipeline\\Pipeline->Illuminate\\Pipeline\\{closure}(Object(Illuminate\\Notifications\\SendQueuedNotifications))\n#27 E:\\InternetApp\\complaints-system\\vendor\\laravel\\framework\\src\\Illuminate\\Queue\\CallQueuedHandler.php(127): Illuminate\\Pipeline\\Pipeline->then(Object(Closure))\n#28 E:\\InternetApp\\complaints-system\\vendor\\laravel\\framework\\src\\Illuminate\\Queue\\CallQueuedHandler.php(68): Illuminate\\Queue\\CallQueuedHandler->dispatchThroughMiddleware(Object(Illuminate\\Queue\\Jobs\\DatabaseJob), Object(Illuminate\\Notifications\\SendQueuedNotifications))\n#29 E:\\InternetApp\\complaints-system\\vendor\\laravel\\framework\\src\\Illuminate\\Queue\\Jobs\\Job.php(102): Illuminate\\Queue\\CallQueuedHandler->call(Object(Illuminate\\Queue\\Jobs\\DatabaseJob), Array)\n#30 E:\\InternetApp\\complaints-system\\vendor\\laravel\\framework\\src\\Illuminate\\Queue\\Worker.php(451): Illuminate\\Queue\\Jobs\\Job->fire()\n#31 E:\\InternetApp\\complaints-system\\vendor\\laravel\\framework\\src\\Illuminate\\Queue\\Worker.php(401): Illuminate\\Queue\\Worker->process(\'database\', Object(Illuminate\\Queue\\Jobs\\DatabaseJob), Object(Illuminate\\Queue\\WorkerOptions))\n#32 E:\\InternetApp\\complaints-system\\vendor\\laravel\\framework\\src\\Illuminate\\Queue\\Worker.php(187): Illuminate\\Queue\\Worker->runJob(Object(Illuminate\\Queue\\Jobs\\DatabaseJob), \'database\', Object(Illuminate\\Queue\\WorkerOptions))\n#33 E:\\InternetApp\\complaints-system\\vendor\\laravel\\framework\\src\\Illuminate\\Queue\\Console\\WorkCommand.php(148): Illuminate\\Queue\\Worker->daemon(\'database\', \'default\', Object(Illuminate\\Queue\\WorkerOptions))\n#34 E:\\InternetApp\\complaints-system\\vendor\\laravel\\framework\\src\\Illuminate\\Queue\\Console\\WorkCommand.php(131): Illuminate\\Queue\\Console\\WorkCommand->runWorker(\'database\', \'default\')\n#35 E:\\InternetApp\\complaints-system\\vendor\\laravel\\framework\\src\\Illuminate\\Container\\BoundMethod.php(36): Illuminate\\Queue\\Console\\WorkCommand->handle()\n#36 E:\\InternetApp\\complaints-system\\vendor\\laravel\\framework\\src\\Illuminate\\Container\\Util.php(43): Illuminate\\Container\\BoundMethod::Illuminate\\Container\\{closure}()\n#37 E:\\InternetApp\\complaints-system\\vendor\\laravel\\framework\\src\\Illuminate\\Container\\BoundMethod.php(96): Illuminate\\Container\\Util::unwrapIfClosure(Object(Closure))\n#38 E:\\InternetApp\\complaints-system\\vendor\\laravel\\framework\\src\\Illuminate\\Container\\BoundMethod.php(35): Illuminate\\Container\\BoundMethod::callBoundMethod(Object(Illuminate\\Foundation\\Application), Array, Object(Closure))\n#39 E:\\InternetApp\\complaints-system\\vendor\\laravel\\framework\\src\\Illuminate\\Container\\Container.php(836): Illuminate\\Container\\BoundMethod::call(Object(Illuminate\\Foundation\\Application), Array, Array, NULL)\n#40 E:\\InternetApp\\complaints-system\\vendor\\laravel\\framework\\src\\Illuminate\\Console\\Command.php(211): Illuminate\\Container\\Container->call(Array)\n#41 E:\\InternetApp\\complaints-system\\vendor\\symfony\\console\\Command\\Command.php(318): Illuminate\\Console\\Command->execute(Object(Symfony\\Component\\Console\\Input\\ArgvInput), Object(Illuminate\\Console\\OutputStyle))\n#42 E:\\InternetApp\\complaints-system\\vendor\\laravel\\framework\\src\\Illuminate\\Console\\Command.php(180): Symfony\\Component\\Console\\Command\\Command->run(Object(Symfony\\Component\\Console\\Input\\ArgvInput), Object(Illuminate\\Console\\OutputStyle))\n#43 E:\\InternetApp\\complaints-system\\vendor\\symfony\\console\\Application.php(1073): Illuminate\\Console\\Command->run(Object(Symfony\\Component\\Console\\Input\\ArgvInput), Object(Symfony\\Component\\Console\\Output\\ConsoleOutput))\n#44 E:\\InternetApp\\complaints-system\\vendor\\symfony\\console\\Application.php(356): Symfony\\Component\\Console\\Application->doRunCommand(Object(Illuminate\\Queue\\Console\\WorkCommand), Object(Symfony\\Component\\Console\\Input\\ArgvInput), Object(Symfony\\Component\\Console\\Output\\ConsoleOutput))\n#45 E:\\InternetApp\\complaints-system\\vendor\\symfony\\console\\Application.php(195): Symfony\\Component\\Console\\Application->doRun(Object(Symfony\\Component\\Console\\Input\\ArgvInput), Object(Symfony\\Component\\Console\\Output\\ConsoleOutput))\n#46 E:\\InternetApp\\complaints-system\\vendor\\laravel\\framework\\src\\Illuminate\\Foundation\\Console\\Kernel.php(197): Symfony\\Component\\Console\\Application->run(Object(Symfony\\Component\\Console\\Input\\ArgvInput), Object(Symfony\\Component\\Console\\Output\\ConsoleOutput))\n#47 E:\\InternetApp\\complaints-system\\vendor\\laravel\\framework\\src\\Illuminate\\Foundation\\Application.php(1235): Illuminate\\Foundation\\Console\\Kernel->handle(Object(Symfony\\Component\\Console\\Input\\ArgvInput), Object(Symfony\\Component\\Console\\Output\\ConsoleOutput))\n#48 E:\\InternetApp\\complaints-system\\artisan(16): Illuminate\\Foundation\\Application->handleCommand(Object(Symfony\\Component\\Console\\Input\\ArgvInput))\n#49 {main}','2025-11-25 08:21:35'),(7,'58f65fdd-c35f-43af-bef7-8ce3f069bc3b','database','default','{\"uuid\":\"58f65fdd-c35f-43af-bef7-8ce3f069bc3b\",\"displayName\":\"Illuminate\\\\Notifications\\\\Events\\\\BroadcastNotificationCreated\",\"job\":\"Illuminate\\\\Queue\\\\CallQueuedHandler@call\",\"maxTries\":null,\"maxExceptions\":null,\"failOnTimeout\":false,\"backoff\":null,\"timeout\":null,\"retryUntil\":null,\"data\":{\"commandName\":\"Illuminate\\\\Broadcasting\\\\BroadcastEvent\",\"command\":\"O:38:\\\"Illuminate\\\\Broadcasting\\\\BroadcastEvent\\\":17:{s:5:\\\"event\\\";O:60:\\\"Illuminate\\\\Notifications\\\\Events\\\\BroadcastNotificationCreated\\\":3:{s:10:\\\"notifiable\\\";O:45:\\\"Illuminate\\\\Contracts\\\\Database\\\\ModelIdentifier\\\":5:{s:5:\\\"class\\\";s:15:\\\"App\\\\Models\\\\User\\\";s:2:\\\"id\\\";i:5;s:9:\\\"relations\\\";a:0:{}s:10:\\\"connection\\\";s:5:\\\"mysql\\\";s:15:\\\"collectionClass\\\";N;}s:12:\\\"notification\\\";O:40:\\\"App\\\\Notifications\\\\ComplaintStatusUpdated\\\":3:{s:12:\\\"\\u0000*\\u0000complaint\\\";O:45:\\\"Illuminate\\\\Contracts\\\\Database\\\\ModelIdentifier\\\":5:{s:5:\\\"class\\\";s:20:\\\"App\\\\Models\\\\Complaint\\\";s:2:\\\"id\\\";i:4;s:9:\\\"relations\\\";a:3:{i:0;s:10:\\\"statusLogs\\\";i:1;s:5:\\\"files\\\";i:2;s:4:\\\"user\\\";}s:10:\\\"connection\\\";s:5:\\\"mysql\\\";s:15:\\\"collectionClass\\\";N;}s:12:\\\"\\u0000*\\u0000newStatus\\\";s:10:\\\"processing\\\";s:2:\\\"id\\\";s:36:\\\"83301b24-5e0a-405e-91bd-b2078f20bcce\\\";}s:4:\\\"data\\\";a:3:{s:12:\\\"complaint_id\\\";i:4;s:10:\\\"new_status\\\";s:10:\\\"processing\\\";s:7:\\\"message\\\";s:56:\\\"تم تحديث حالة الشكوى إلى: processing\\\";}}s:5:\\\"tries\\\";N;s:7:\\\"timeout\\\";N;s:7:\\\"backoff\\\";N;s:13:\\\"maxExceptions\\\";N;s:23:\\\"deleteWhenMissingModels\\\";b:1;s:10:\\\"connection\\\";N;s:5:\\\"queue\\\";N;s:12:\\\"messageGroup\\\";N;s:12:\\\"deduplicator\\\";N;s:5:\\\"delay\\\";N;s:11:\\\"afterCommit\\\";N;s:10:\\\"middleware\\\";a:0:{}s:7:\\\"chained\\\";a:0:{}s:15:\\\"chainConnection\\\";N;s:10:\\\"chainQueue\\\";N;s:19:\\\"chainCatchCallbacks\\\";N;}\"},\"createdAt\":1764069809,\"delay\":null}','Illuminate\\Broadcasting\\BroadcastException: Pusher error: cURL error 28: Resolving timed out after 10000 milliseconds (see https://curl.haxx.se/libcurl/c/libcurl-errors.html) for https://api-eu.pusher.com/apps/2081780/events?auth_key=c4c936bfd9aa7f5b6b8c&auth_timestamp=1764069829&auth_version=1.0&body_md5=b09273bf9dba3988baace29ae3c86219&auth_signature=e92ee887dbb0dbb90aae5a2d78fc21662f48fee1880090575a376631f2f5fc35. in E:\\InternetApp\\complaints-system\\vendor\\laravel\\framework\\src\\Illuminate\\Broadcasting\\Broadcasters\\PusherBroadcaster.php:163\nStack trace:\n#0 E:\\InternetApp\\complaints-system\\vendor\\laravel\\framework\\src\\Illuminate\\Broadcasting\\BroadcastEvent.php(100): Illuminate\\Broadcasting\\Broadcasters\\PusherBroadcaster->broadcast(Object(Illuminate\\Support\\Collection), \'Illuminate\\\\Noti...\', Array)\n#1 E:\\InternetApp\\complaints-system\\vendor\\laravel\\framework\\src\\Illuminate\\Container\\BoundMethod.php(36): Illuminate\\Broadcasting\\BroadcastEvent->handle(Object(Illuminate\\Broadcasting\\BroadcastManager))\n#2 E:\\InternetApp\\complaints-system\\vendor\\laravel\\framework\\src\\Illuminate\\Container\\Util.php(43): Illuminate\\Container\\BoundMethod::Illuminate\\Container\\{closure}()\n#3 E:\\InternetApp\\complaints-system\\vendor\\laravel\\framework\\src\\Illuminate\\Container\\BoundMethod.php(96): Illuminate\\Container\\Util::unwrapIfClosure(Object(Closure))\n#4 E:\\InternetApp\\complaints-system\\vendor\\laravel\\framework\\src\\Illuminate\\Container\\BoundMethod.php(35): Illuminate\\Container\\BoundMethod::callBoundMethod(Object(Illuminate\\Foundation\\Application), Array, Object(Closure))\n#5 E:\\InternetApp\\complaints-system\\vendor\\laravel\\framework\\src\\Illuminate\\Container\\Container.php(836): Illuminate\\Container\\BoundMethod::call(Object(Illuminate\\Foundation\\Application), Array, Array, NULL)\n#6 E:\\InternetApp\\complaints-system\\vendor\\laravel\\framework\\src\\Illuminate\\Bus\\Dispatcher.php(129): Illuminate\\Container\\Container->call(Array)\n#7 E:\\InternetApp\\complaints-system\\vendor\\laravel\\framework\\src\\Illuminate\\Pipeline\\Pipeline.php(180): Illuminate\\Bus\\Dispatcher->Illuminate\\Bus\\{closure}(Object(Illuminate\\Broadcasting\\BroadcastEvent))\n#8 E:\\InternetApp\\complaints-system\\vendor\\laravel\\framework\\src\\Illuminate\\Pipeline\\Pipeline.php(137): Illuminate\\Pipeline\\Pipeline->Illuminate\\Pipeline\\{closure}(Object(Illuminate\\Broadcasting\\BroadcastEvent))\n#9 E:\\InternetApp\\complaints-system\\vendor\\laravel\\framework\\src\\Illuminate\\Bus\\Dispatcher.php(133): Illuminate\\Pipeline\\Pipeline->then(Object(Closure))\n#10 E:\\InternetApp\\complaints-system\\vendor\\laravel\\framework\\src\\Illuminate\\Queue\\CallQueuedHandler.php(134): Illuminate\\Bus\\Dispatcher->dispatchNow(Object(Illuminate\\Broadcasting\\BroadcastEvent), false)\n#11 E:\\InternetApp\\complaints-system\\vendor\\laravel\\framework\\src\\Illuminate\\Pipeline\\Pipeline.php(180): Illuminate\\Queue\\CallQueuedHandler->Illuminate\\Queue\\{closure}(Object(Illuminate\\Broadcasting\\BroadcastEvent))\n#12 E:\\InternetApp\\complaints-system\\vendor\\laravel\\framework\\src\\Illuminate\\Pipeline\\Pipeline.php(137): Illuminate\\Pipeline\\Pipeline->Illuminate\\Pipeline\\{closure}(Object(Illuminate\\Broadcasting\\BroadcastEvent))\n#13 E:\\InternetApp\\complaints-system\\vendor\\laravel\\framework\\src\\Illuminate\\Queue\\CallQueuedHandler.php(127): Illuminate\\Pipeline\\Pipeline->then(Object(Closure))\n#14 E:\\InternetApp\\complaints-system\\vendor\\laravel\\framework\\src\\Illuminate\\Queue\\CallQueuedHandler.php(68): Illuminate\\Queue\\CallQueuedHandler->dispatchThroughMiddleware(Object(Illuminate\\Queue\\Jobs\\DatabaseJob), Object(Illuminate\\Broadcasting\\BroadcastEvent))\n#15 E:\\InternetApp\\complaints-system\\vendor\\laravel\\framework\\src\\Illuminate\\Queue\\Jobs\\Job.php(102): Illuminate\\Queue\\CallQueuedHandler->call(Object(Illuminate\\Queue\\Jobs\\DatabaseJob), Array)\n#16 E:\\InternetApp\\complaints-system\\vendor\\laravel\\framework\\src\\Illuminate\\Queue\\Worker.php(451): Illuminate\\Queue\\Jobs\\Job->fire()\n#17 E:\\InternetApp\\complaints-system\\vendor\\laravel\\framework\\src\\Illuminate\\Queue\\Worker.php(401): Illuminate\\Queue\\Worker->process(\'database\', Object(Illuminate\\Queue\\Jobs\\DatabaseJob), Object(Illuminate\\Queue\\WorkerOptions))\n#18 E:\\InternetApp\\complaints-system\\vendor\\laravel\\framework\\src\\Illuminate\\Queue\\Worker.php(187): Illuminate\\Queue\\Worker->runJob(Object(Illuminate\\Queue\\Jobs\\DatabaseJob), \'database\', Object(Illuminate\\Queue\\WorkerOptions))\n#19 E:\\InternetApp\\complaints-system\\vendor\\laravel\\framework\\src\\Illuminate\\Queue\\Console\\WorkCommand.php(148): Illuminate\\Queue\\Worker->daemon(\'database\', \'default\', Object(Illuminate\\Queue\\WorkerOptions))\n#20 E:\\InternetApp\\complaints-system\\vendor\\laravel\\framework\\src\\Illuminate\\Queue\\Console\\WorkCommand.php(131): Illuminate\\Queue\\Console\\WorkCommand->runWorker(\'database\', \'default\')\n#21 E:\\InternetApp\\complaints-system\\vendor\\laravel\\framework\\src\\Illuminate\\Container\\BoundMethod.php(36): Illuminate\\Queue\\Console\\WorkCommand->handle()\n#22 E:\\InternetApp\\complaints-system\\vendor\\laravel\\framework\\src\\Illuminate\\Container\\Util.php(43): Illuminate\\Container\\BoundMethod::Illuminate\\Container\\{closure}()\n#23 E:\\InternetApp\\complaints-system\\vendor\\laravel\\framework\\src\\Illuminate\\Container\\BoundMethod.php(96): Illuminate\\Container\\Util::unwrapIfClosure(Object(Closure))\n#24 E:\\InternetApp\\complaints-system\\vendor\\laravel\\framework\\src\\Illuminate\\Container\\BoundMethod.php(35): Illuminate\\Container\\BoundMethod::callBoundMethod(Object(Illuminate\\Foundation\\Application), Array, Object(Closure))\n#25 E:\\InternetApp\\complaints-system\\vendor\\laravel\\framework\\src\\Illuminate\\Container\\Container.php(836): Illuminate\\Container\\BoundMethod::call(Object(Illuminate\\Foundation\\Application), Array, Array, NULL)\n#26 E:\\InternetApp\\complaints-system\\vendor\\laravel\\framework\\src\\Illuminate\\Console\\Command.php(211): Illuminate\\Container\\Container->call(Array)\n#27 E:\\InternetApp\\complaints-system\\vendor\\symfony\\console\\Command\\Command.php(318): Illuminate\\Console\\Command->execute(Object(Symfony\\Component\\Console\\Input\\ArgvInput), Object(Illuminate\\Console\\OutputStyle))\n#28 E:\\InternetApp\\complaints-system\\vendor\\laravel\\framework\\src\\Illuminate\\Console\\Command.php(180): Symfony\\Component\\Console\\Command\\Command->run(Object(Symfony\\Component\\Console\\Input\\ArgvInput), Object(Illuminate\\Console\\OutputStyle))\n#29 E:\\InternetApp\\complaints-system\\vendor\\symfony\\console\\Application.php(1073): Illuminate\\Console\\Command->run(Object(Symfony\\Component\\Console\\Input\\ArgvInput), Object(Symfony\\Component\\Console\\Output\\ConsoleOutput))\n#30 E:\\InternetApp\\complaints-system\\vendor\\symfony\\console\\Application.php(356): Symfony\\Component\\Console\\Application->doRunCommand(Object(Illuminate\\Queue\\Console\\WorkCommand), Object(Symfony\\Component\\Console\\Input\\ArgvInput), Object(Symfony\\Component\\Console\\Output\\ConsoleOutput))\n#31 E:\\InternetApp\\complaints-system\\vendor\\symfony\\console\\Application.php(195): Symfony\\Component\\Console\\Application->doRun(Object(Symfony\\Component\\Console\\Input\\ArgvInput), Object(Symfony\\Component\\Console\\Output\\ConsoleOutput))\n#32 E:\\InternetApp\\complaints-system\\vendor\\laravel\\framework\\src\\Illuminate\\Foundation\\Console\\Kernel.php(197): Symfony\\Component\\Console\\Application->run(Object(Symfony\\Component\\Console\\Input\\ArgvInput), Object(Symfony\\Component\\Console\\Output\\ConsoleOutput))\n#33 E:\\InternetApp\\complaints-system\\vendor\\laravel\\framework\\src\\Illuminate\\Foundation\\Application.php(1235): Illuminate\\Foundation\\Console\\Kernel->handle(Object(Symfony\\Component\\Console\\Input\\ArgvInput), Object(Symfony\\Component\\Console\\Output\\ConsoleOutput))\n#34 E:\\InternetApp\\complaints-system\\artisan(16): Illuminate\\Foundation\\Application->handleCommand(Object(Symfony\\Component\\Console\\Input\\ArgvInput))\n#35 {main}','2025-11-25 08:24:01'),(8,'322f2f97-90ed-4bc4-ac63-c77885025bae','database','default','{\"uuid\":\"322f2f97-90ed-4bc4-ac63-c77885025bae\",\"displayName\":\"Illuminate\\\\Notifications\\\\Events\\\\BroadcastNotificationCreated\",\"job\":\"Illuminate\\\\Queue\\\\CallQueuedHandler@call\",\"maxTries\":null,\"maxExceptions\":null,\"failOnTimeout\":false,\"backoff\":null,\"timeout\":null,\"retryUntil\":null,\"data\":{\"commandName\":\"Illuminate\\\\Broadcasting\\\\BroadcastEvent\",\"command\":\"O:38:\\\"Illuminate\\\\Broadcasting\\\\BroadcastEvent\\\":17:{s:5:\\\"event\\\";O:60:\\\"Illuminate\\\\Notifications\\\\Events\\\\BroadcastNotificationCreated\\\":3:{s:10:\\\"notifiable\\\";O:45:\\\"Illuminate\\\\Contracts\\\\Database\\\\ModelIdentifier\\\":5:{s:5:\\\"class\\\";s:15:\\\"App\\\\Models\\\\User\\\";s:2:\\\"id\\\";i:5;s:9:\\\"relations\\\";a:0:{}s:10:\\\"connection\\\";s:5:\\\"mysql\\\";s:15:\\\"collectionClass\\\";N;}s:12:\\\"notification\\\";O:44:\\\"App\\\\Notifications\\\\ComplaintMoreInfoRequested\\\":3:{s:12:\\\"\\u0000*\\u0000complaint\\\";O:45:\\\"Illuminate\\\\Contracts\\\\Database\\\\ModelIdentifier\\\":5:{s:5:\\\"class\\\";s:20:\\\"App\\\\Models\\\\Complaint\\\";s:2:\\\"id\\\";i:1;s:9:\\\"relations\\\";a:3:{i:0;s:10:\\\"statusLogs\\\";i:1;s:5:\\\"files\\\";i:2;s:4:\\\"user\\\";}s:10:\\\"connection\\\";s:5:\\\"mysql\\\";s:15:\\\"collectionClass\\\";N;}s:10:\\\"\\u0000*\\u0000message\\\";s:39:\\\"حدد موقع المشكلة بدقة\\\";s:2:\\\"id\\\";s:36:\\\"07e81ec1-9491-49ed-8c90-e26ad1ad3529\\\";}s:4:\\\"data\\\";a:4:{s:12:\\\"complaint_id\\\";i:1;s:7:\\\"message\\\";s:39:\\\"حدد موقع المشكلة بدقة\\\";s:6:\\\"status\\\";s:14:\\\"need_more_info\\\";s:4:\\\"text\\\";s:52:\\\"تم طلب معلومات إضافية للشكوى\\\";}}s:5:\\\"tries\\\";N;s:7:\\\"timeout\\\";N;s:7:\\\"backoff\\\";N;s:13:\\\"maxExceptions\\\";N;s:23:\\\"deleteWhenMissingModels\\\";b:1;s:10:\\\"connection\\\";N;s:5:\\\"queue\\\";N;s:12:\\\"messageGroup\\\";N;s:12:\\\"deduplicator\\\";N;s:5:\\\"delay\\\";N;s:11:\\\"afterCommit\\\";N;s:10:\\\"middleware\\\";a:0:{}s:7:\\\"chained\\\";a:0:{}s:15:\\\"chainConnection\\\";N;s:10:\\\"chainQueue\\\";N;s:19:\\\"chainCatchCallbacks\\\";N;}\"},\"createdAt\":1764128126,\"delay\":null}','Illuminate\\Broadcasting\\BroadcastException: Pusher error: cURL error 6: Send failure: Connection was aborted (see https://curl.haxx.se/libcurl/c/libcurl-errors.html) for https://api-eu.pusher.com/apps/2081780/events?auth_key=c4c936bfd9aa7f5b6b8c&auth_timestamp=1764128127&auth_version=1.0&body_md5=3166855ae7f13c39f51860bf558bc8cc&auth_signature=e8e9bce7cafdb01f303c901fd5f5ee04ebbd4f37ad1b496b0bca914b33e4cf36. in E:\\InternetApp\\complaints-system\\vendor\\laravel\\framework\\src\\Illuminate\\Broadcasting\\Broadcasters\\PusherBroadcaster.php:163\nStack trace:\n#0 E:\\InternetApp\\complaints-system\\vendor\\laravel\\framework\\src\\Illuminate\\Broadcasting\\BroadcastEvent.php(100): Illuminate\\Broadcasting\\Broadcasters\\PusherBroadcaster->broadcast(Object(Illuminate\\Support\\Collection), \'Illuminate\\\\Noti...\', Array)\n#1 E:\\InternetApp\\complaints-system\\vendor\\laravel\\framework\\src\\Illuminate\\Container\\BoundMethod.php(36): Illuminate\\Broadcasting\\BroadcastEvent->handle(Object(Illuminate\\Broadcasting\\BroadcastManager))\n#2 E:\\InternetApp\\complaints-system\\vendor\\laravel\\framework\\src\\Illuminate\\Container\\Util.php(43): Illuminate\\Container\\BoundMethod::Illuminate\\Container\\{closure}()\n#3 E:\\InternetApp\\complaints-system\\vendor\\laravel\\framework\\src\\Illuminate\\Container\\BoundMethod.php(96): Illuminate\\Container\\Util::unwrapIfClosure(Object(Closure))\n#4 E:\\InternetApp\\complaints-system\\vendor\\laravel\\framework\\src\\Illuminate\\Container\\BoundMethod.php(35): Illuminate\\Container\\BoundMethod::callBoundMethod(Object(Illuminate\\Foundation\\Application), Array, Object(Closure))\n#5 E:\\InternetApp\\complaints-system\\vendor\\laravel\\framework\\src\\Illuminate\\Container\\Container.php(836): Illuminate\\Container\\BoundMethod::call(Object(Illuminate\\Foundation\\Application), Array, Array, NULL)\n#6 E:\\InternetApp\\complaints-system\\vendor\\laravel\\framework\\src\\Illuminate\\Bus\\Dispatcher.php(129): Illuminate\\Container\\Container->call(Array)\n#7 E:\\InternetApp\\complaints-system\\vendor\\laravel\\framework\\src\\Illuminate\\Pipeline\\Pipeline.php(180): Illuminate\\Bus\\Dispatcher->Illuminate\\Bus\\{closure}(Object(Illuminate\\Broadcasting\\BroadcastEvent))\n#8 E:\\InternetApp\\complaints-system\\vendor\\laravel\\framework\\src\\Illuminate\\Pipeline\\Pipeline.php(137): Illuminate\\Pipeline\\Pipeline->Illuminate\\Pipeline\\{closure}(Object(Illuminate\\Broadcasting\\BroadcastEvent))\n#9 E:\\InternetApp\\complaints-system\\vendor\\laravel\\framework\\src\\Illuminate\\Bus\\Dispatcher.php(133): Illuminate\\Pipeline\\Pipeline->then(Object(Closure))\n#10 E:\\InternetApp\\complaints-system\\vendor\\laravel\\framework\\src\\Illuminate\\Queue\\CallQueuedHandler.php(134): Illuminate\\Bus\\Dispatcher->dispatchNow(Object(Illuminate\\Broadcasting\\BroadcastEvent), false)\n#11 E:\\InternetApp\\complaints-system\\vendor\\laravel\\framework\\src\\Illuminate\\Pipeline\\Pipeline.php(180): Illuminate\\Queue\\CallQueuedHandler->Illuminate\\Queue\\{closure}(Object(Illuminate\\Broadcasting\\BroadcastEvent))\n#12 E:\\InternetApp\\complaints-system\\vendor\\laravel\\framework\\src\\Illuminate\\Pipeline\\Pipeline.php(137): Illuminate\\Pipeline\\Pipeline->Illuminate\\Pipeline\\{closure}(Object(Illuminate\\Broadcasting\\BroadcastEvent))\n#13 E:\\InternetApp\\complaints-system\\vendor\\laravel\\framework\\src\\Illuminate\\Queue\\CallQueuedHandler.php(127): Illuminate\\Pipeline\\Pipeline->then(Object(Closure))\n#14 E:\\InternetApp\\complaints-system\\vendor\\laravel\\framework\\src\\Illuminate\\Queue\\CallQueuedHandler.php(68): Illuminate\\Queue\\CallQueuedHandler->dispatchThroughMiddleware(Object(Illuminate\\Queue\\Jobs\\DatabaseJob), Object(Illuminate\\Broadcasting\\BroadcastEvent))\n#15 E:\\InternetApp\\complaints-system\\vendor\\laravel\\framework\\src\\Illuminate\\Queue\\Jobs\\Job.php(102): Illuminate\\Queue\\CallQueuedHandler->call(Object(Illuminate\\Queue\\Jobs\\DatabaseJob), Array)\n#16 E:\\InternetApp\\complaints-system\\vendor\\laravel\\framework\\src\\Illuminate\\Queue\\Worker.php(451): Illuminate\\Queue\\Jobs\\Job->fire()\n#17 E:\\InternetApp\\complaints-system\\vendor\\laravel\\framework\\src\\Illuminate\\Queue\\Worker.php(401): Illuminate\\Queue\\Worker->process(\'database\', Object(Illuminate\\Queue\\Jobs\\DatabaseJob), Object(Illuminate\\Queue\\WorkerOptions))\n#18 E:\\InternetApp\\complaints-system\\vendor\\laravel\\framework\\src\\Illuminate\\Queue\\Worker.php(187): Illuminate\\Queue\\Worker->runJob(Object(Illuminate\\Queue\\Jobs\\DatabaseJob), \'database\', Object(Illuminate\\Queue\\WorkerOptions))\n#19 E:\\InternetApp\\complaints-system\\vendor\\laravel\\framework\\src\\Illuminate\\Queue\\Console\\WorkCommand.php(148): Illuminate\\Queue\\Worker->daemon(\'database\', \'default\', Object(Illuminate\\Queue\\WorkerOptions))\n#20 E:\\InternetApp\\complaints-system\\vendor\\laravel\\framework\\src\\Illuminate\\Queue\\Console\\WorkCommand.php(131): Illuminate\\Queue\\Console\\WorkCommand->runWorker(\'database\', \'default\')\n#21 E:\\InternetApp\\complaints-system\\vendor\\laravel\\framework\\src\\Illuminate\\Container\\BoundMethod.php(36): Illuminate\\Queue\\Console\\WorkCommand->handle()\n#22 E:\\InternetApp\\complaints-system\\vendor\\laravel\\framework\\src\\Illuminate\\Container\\Util.php(43): Illuminate\\Container\\BoundMethod::Illuminate\\Container\\{closure}()\n#23 E:\\InternetApp\\complaints-system\\vendor\\laravel\\framework\\src\\Illuminate\\Container\\BoundMethod.php(96): Illuminate\\Container\\Util::unwrapIfClosure(Object(Closure))\n#24 E:\\InternetApp\\complaints-system\\vendor\\laravel\\framework\\src\\Illuminate\\Container\\BoundMethod.php(35): Illuminate\\Container\\BoundMethod::callBoundMethod(Object(Illuminate\\Foundation\\Application), Array, Object(Closure))\n#25 E:\\InternetApp\\complaints-system\\vendor\\laravel\\framework\\src\\Illuminate\\Container\\Container.php(836): Illuminate\\Container\\BoundMethod::call(Object(Illuminate\\Foundation\\Application), Array, Array, NULL)\n#26 E:\\InternetApp\\complaints-system\\vendor\\laravel\\framework\\src\\Illuminate\\Console\\Command.php(211): Illuminate\\Container\\Container->call(Array)\n#27 E:\\InternetApp\\complaints-system\\vendor\\symfony\\console\\Command\\Command.php(318): Illuminate\\Console\\Command->execute(Object(Symfony\\Component\\Console\\Input\\ArgvInput), Object(Illuminate\\Console\\OutputStyle))\n#28 E:\\InternetApp\\complaints-system\\vendor\\laravel\\framework\\src\\Illuminate\\Console\\Command.php(180): Symfony\\Component\\Console\\Command\\Command->run(Object(Symfony\\Component\\Console\\Input\\ArgvInput), Object(Illuminate\\Console\\OutputStyle))\n#29 E:\\InternetApp\\complaints-system\\vendor\\symfony\\console\\Application.php(1073): Illuminate\\Console\\Command->run(Object(Symfony\\Component\\Console\\Input\\ArgvInput), Object(Symfony\\Component\\Console\\Output\\ConsoleOutput))\n#30 E:\\InternetApp\\complaints-system\\vendor\\symfony\\console\\Application.php(356): Symfony\\Component\\Console\\Application->doRunCommand(Object(Illuminate\\Queue\\Console\\WorkCommand), Object(Symfony\\Component\\Console\\Input\\ArgvInput), Object(Symfony\\Component\\Console\\Output\\ConsoleOutput))\n#31 E:\\InternetApp\\complaints-system\\vendor\\symfony\\console\\Application.php(195): Symfony\\Component\\Console\\Application->doRun(Object(Symfony\\Component\\Console\\Input\\ArgvInput), Object(Symfony\\Component\\Console\\Output\\ConsoleOutput))\n#32 E:\\InternetApp\\complaints-system\\vendor\\laravel\\framework\\src\\Illuminate\\Foundation\\Console\\Kernel.php(197): Symfony\\Component\\Console\\Application->run(Object(Symfony\\Component\\Console\\Input\\ArgvInput), Object(Symfony\\Component\\Console\\Output\\ConsoleOutput))\n#33 E:\\InternetApp\\complaints-system\\vendor\\laravel\\framework\\src\\Illuminate\\Foundation\\Application.php(1235): Illuminate\\Foundation\\Console\\Kernel->handle(Object(Symfony\\Component\\Console\\Input\\ArgvInput), Object(Symfony\\Component\\Console\\Output\\ConsoleOutput))\n#34 E:\\InternetApp\\complaints-system\\artisan(16): Illuminate\\Foundation\\Application->handleCommand(Object(Symfony\\Component\\Console\\Input\\ArgvInput))\n#35 {main}','2025-11-26 00:35:28');
/*!40000 ALTER TABLE `failed_jobs` ENABLE KEYS */;
UNLOCK TABLES;

--
-- Table structure for table `job_batches`
--

DROP TABLE IF EXISTS `job_batches`;
/*!40101 SET @saved_cs_client     = @@character_set_client */;
/*!40101 SET character_set_client = utf8 */;
CREATE TABLE `job_batches` (
  `id` varchar(255) NOT NULL,
  `name` varchar(255) NOT NULL,
  `total_jobs` int(11) NOT NULL,
  `pending_jobs` int(11) NOT NULL,
  `failed_jobs` int(11) NOT NULL,
  `failed_job_ids` longtext NOT NULL,
  `options` mediumtext DEFAULT NULL,
  `cancelled_at` int(11) DEFAULT NULL,
  `created_at` int(11) NOT NULL,
  `finished_at` int(11) DEFAULT NULL,
  PRIMARY KEY (`id`)
) ENGINE=InnoDB DEFAULT CHARSET=utf8mb4 COLLATE=utf8mb4_unicode_ci;
/*!40101 SET character_set_client = @saved_cs_client */;

--
-- Dumping data for table `job_batches`
--

LOCK TABLES `job_batches` WRITE;
/*!40000 ALTER TABLE `job_batches` DISABLE KEYS */;
/*!40000 ALTER TABLE `job_batches` ENABLE KEYS */;
UNLOCK TABLES;

--
-- Table structure for table `jobs`
--

DROP TABLE IF EXISTS `jobs`;
/*!40101 SET @saved_cs_client     = @@character_set_client */;
/*!40101 SET character_set_client = utf8 */;
CREATE TABLE `jobs` (
  `id` bigint(20) unsigned NOT NULL AUTO_INCREMENT,
  `queue` varchar(255) NOT NULL,
  `payload` longtext NOT NULL,
  `attempts` tinyint(3) unsigned NOT NULL,
  `reserved_at` int(10) unsigned DEFAULT NULL,
  `available_at` int(10) unsigned NOT NULL,
  `created_at` int(10) unsigned NOT NULL,
  PRIMARY KEY (`id`),
  KEY `jobs_queue_index` (`queue`)
) ENGINE=InnoDB AUTO_INCREMENT=42 DEFAULT CHARSET=utf8mb4 COLLATE=utf8mb4_unicode_ci;
/*!40101 SET character_set_client = @saved_cs_client */;

--
-- Dumping data for table `jobs`
--

LOCK TABLES `jobs` WRITE;
/*!40000 ALTER TABLE `jobs` DISABLE KEYS */;
INSERT INTO `jobs` VALUES (36,'default','{\"uuid\":\"7efb5928-78b0-4993-aad2-fdcf722e6f1c\",\"displayName\":\"Illuminate\\\\Notifications\\\\Events\\\\BroadcastNotificationCreated\",\"job\":\"Illuminate\\\\Queue\\\\CallQueuedHandler@call\",\"maxTries\":null,\"maxExceptions\":null,\"failOnTimeout\":false,\"backoff\":null,\"timeout\":null,\"retryUntil\":null,\"data\":{\"commandName\":\"Illuminate\\\\Broadcasting\\\\BroadcastEvent\",\"command\":\"O:38:\\\"Illuminate\\\\Broadcasting\\\\BroadcastEvent\\\":17:{s:5:\\\"event\\\";O:60:\\\"Illuminate\\\\Notifications\\\\Events\\\\BroadcastNotificationCreated\\\":3:{s:10:\\\"notifiable\\\";O:45:\\\"Illuminate\\\\Contracts\\\\Database\\\\ModelIdentifier\\\":5:{s:5:\\\"class\\\";s:15:\\\"App\\\\Models\\\\User\\\";s:2:\\\"id\\\";i:5;s:9:\\\"relations\\\";a:0:{}s:10:\\\"connection\\\";s:5:\\\"mysql\\\";s:15:\\\"collectionClass\\\";N;}s:12:\\\"notification\\\";O:44:\\\"App\\\\Notifications\\\\ComplaintMoreInfoRequested\\\":3:{s:12:\\\"\\u0000*\\u0000complaint\\\";O:45:\\\"Illuminate\\\\Contracts\\\\Database\\\\ModelIdentifier\\\":5:{s:5:\\\"class\\\";s:20:\\\"App\\\\Models\\\\Complaint\\\";s:2:\\\"id\\\";i:1;s:9:\\\"relations\\\";a:3:{i:0;s:10:\\\"statusLogs\\\";i:1;s:5:\\\"files\\\";i:2;s:4:\\\"user\\\";}s:10:\\\"connection\\\";s:5:\\\"mysql\\\";s:15:\\\"collectionClass\\\";N;}s:10:\\\"\\u0000*\\u0000message\\\";s:39:\\\"حدد موقع المشكلة بدقة\\\";s:2:\\\"id\\\";s:36:\\\"dce05e79-cbab-4a48-9eb1-221cb2969bd2\\\";}s:4:\\\"data\\\";a:4:{s:12:\\\"complaint_id\\\";i:1;s:7:\\\"message\\\";s:39:\\\"حدد موقع المشكلة بدقة\\\";s:6:\\\"status\\\";s:14:\\\"need_more_info\\\";s:4:\\\"text\\\";s:52:\\\"تم طلب معلومات إضافية للشكوى\\\";}}s:5:\\\"tries\\\";N;s:7:\\\"timeout\\\";N;s:7:\\\"backoff\\\";N;s:13:\\\"maxExceptions\\\";N;s:23:\\\"deleteWhenMissingModels\\\";b:1;s:10:\\\"connection\\\";N;s:5:\\\"queue\\\";N;s:12:\\\"messageGroup\\\";N;s:12:\\\"deduplicator\\\";N;s:5:\\\"delay\\\";N;s:11:\\\"afterCommit\\\";N;s:10:\\\"middleware\\\";a:0:{}s:7:\\\"chained\\\";a:0:{}s:15:\\\"chainConnection\\\";N;s:10:\\\"chainQueue\\\";N;s:19:\\\"chainCatchCallbacks\\\";N;}\"},\"createdAt\":1764266082,\"delay\":null}',0,NULL,1764266082,1764266082),(37,'default','{\"uuid\":\"60729da5-18ad-40b4-812f-b5a31d5bbd21\",\"displayName\":\"Illuminate\\\\Notifications\\\\Events\\\\BroadcastNotificationCreated\",\"job\":\"Illuminate\\\\Queue\\\\CallQueuedHandler@call\",\"maxTries\":null,\"maxExceptions\":null,\"failOnTimeout\":false,\"backoff\":null,\"timeout\":null,\"retryUntil\":null,\"data\":{\"commandName\":\"Illuminate\\\\Broadcasting\\\\BroadcastEvent\",\"command\":\"O:38:\\\"Illuminate\\\\Broadcasting\\\\BroadcastEvent\\\":17:{s:5:\\\"event\\\";O:60:\\\"Illuminate\\\\Notifications\\\\Events\\\\BroadcastNotificationCreated\\\":3:{s:10:\\\"notifiable\\\";O:45:\\\"Illuminate\\\\Contracts\\\\Database\\\\ModelIdentifier\\\":5:{s:5:\\\"class\\\";s:15:\\\"App\\\\Models\\\\User\\\";s:2:\\\"id\\\";i:5;s:9:\\\"relations\\\";a:0:{}s:10:\\\"connection\\\";s:5:\\\"mysql\\\";s:15:\\\"collectionClass\\\";N;}s:12:\\\"notification\\\";O:44:\\\"App\\\\Notifications\\\\ComplaintMoreInfoRequested\\\":3:{s:12:\\\"\\u0000*\\u0000complaint\\\";O:45:\\\"Illuminate\\\\Contracts\\\\Database\\\\ModelIdentifier\\\":5:{s:5:\\\"class\\\";s:20:\\\"App\\\\Models\\\\Complaint\\\";s:2:\\\"id\\\";i:1;s:9:\\\"relations\\\";a:3:{i:0;s:10:\\\"statusLogs\\\";i:1;s:5:\\\"files\\\";i:2;s:4:\\\"user\\\";}s:10:\\\"connection\\\";s:5:\\\"mysql\\\";s:15:\\\"collectionClass\\\";N;}s:10:\\\"\\u0000*\\u0000message\\\";s:39:\\\"حدد موقع المشكلة بدقة\\\";s:2:\\\"id\\\";s:36:\\\"621b91b3-a0ad-4b2b-a17f-e5e792d9e85e\\\";}s:4:\\\"data\\\";a:4:{s:12:\\\"complaint_id\\\";i:1;s:7:\\\"message\\\";s:39:\\\"حدد موقع المشكلة بدقة\\\";s:6:\\\"status\\\";s:14:\\\"need_more_info\\\";s:4:\\\"text\\\";s:52:\\\"تم طلب معلومات إضافية للشكوى\\\";}}s:5:\\\"tries\\\";N;s:7:\\\"timeout\\\";N;s:7:\\\"backoff\\\";N;s:13:\\\"maxExceptions\\\";N;s:23:\\\"deleteWhenMissingModels\\\";b:1;s:10:\\\"connection\\\";N;s:5:\\\"queue\\\";N;s:12:\\\"messageGroup\\\";N;s:12:\\\"deduplicator\\\";N;s:5:\\\"delay\\\";N;s:11:\\\"afterCommit\\\";N;s:10:\\\"middleware\\\";a:0:{}s:7:\\\"chained\\\";a:0:{}s:15:\\\"chainConnection\\\";N;s:10:\\\"chainQueue\\\";N;s:19:\\\"chainCatchCallbacks\\\";N;}\"},\"createdAt\":1764266146,\"delay\":null}',0,NULL,1764266146,1764266146),(38,'default','{\"uuid\":\"13c72d4d-2b01-4d73-ba6a-08745b4714d1\",\"displayName\":\"Illuminate\\\\Notifications\\\\Events\\\\BroadcastNotificationCreated\",\"job\":\"Illuminate\\\\Queue\\\\CallQueuedHandler@call\",\"maxTries\":null,\"maxExceptions\":null,\"failOnTimeout\":false,\"backoff\":null,\"timeout\":null,\"retryUntil\":null,\"data\":{\"commandName\":\"Illuminate\\\\Broadcasting\\\\BroadcastEvent\",\"command\":\"O:38:\\\"Illuminate\\\\Broadcasting\\\\BroadcastEvent\\\":17:{s:5:\\\"event\\\";O:60:\\\"Illuminate\\\\Notifications\\\\Events\\\\BroadcastNotificationCreated\\\":3:{s:10:\\\"notifiable\\\";O:45:\\\"Illuminate\\\\Contracts\\\\Database\\\\ModelIdentifier\\\":5:{s:5:\\\"class\\\";s:15:\\\"App\\\\Models\\\\User\\\";s:2:\\\"id\\\";i:5;s:9:\\\"relations\\\";a:0:{}s:10:\\\"connection\\\";s:5:\\\"mysql\\\";s:15:\\\"collectionClass\\\";N;}s:12:\\\"notification\\\";O:44:\\\"App\\\\Notifications\\\\ComplaintMoreInfoRequested\\\":3:{s:12:\\\"\\u0000*\\u0000complaint\\\";O:45:\\\"Illuminate\\\\Contracts\\\\Database\\\\ModelIdentifier\\\":5:{s:5:\\\"class\\\";s:20:\\\"App\\\\Models\\\\Complaint\\\";s:2:\\\"id\\\";i:1;s:9:\\\"relations\\\";a:3:{i:0;s:10:\\\"statusLogs\\\";i:1;s:5:\\\"files\\\";i:2;s:4:\\\"user\\\";}s:10:\\\"connection\\\";s:5:\\\"mysql\\\";s:15:\\\"collectionClass\\\";N;}s:10:\\\"\\u0000*\\u0000message\\\";s:39:\\\"حدد موقع المشكلة بدقة\\\";s:2:\\\"id\\\";s:36:\\\"a9623528-893c-43c9-8f78-99920f928f93\\\";}s:4:\\\"data\\\";a:4:{s:12:\\\"complaint_id\\\";i:1;s:7:\\\"message\\\";s:39:\\\"حدد موقع المشكلة بدقة\\\";s:6:\\\"status\\\";s:14:\\\"need_more_info\\\";s:4:\\\"text\\\";s:52:\\\"تم طلب معلومات إضافية للشكوى\\\";}}s:5:\\\"tries\\\";N;s:7:\\\"timeout\\\";N;s:7:\\\"backoff\\\";N;s:13:\\\"maxExceptions\\\";N;s:23:\\\"deleteWhenMissingModels\\\";b:1;s:10:\\\"connection\\\";N;s:5:\\\"queue\\\";N;s:12:\\\"messageGroup\\\";N;s:12:\\\"deduplicator\\\";N;s:5:\\\"delay\\\";N;s:11:\\\"afterCommit\\\";N;s:10:\\\"middleware\\\";a:0:{}s:7:\\\"chained\\\";a:0:{}s:15:\\\"chainConnection\\\";N;s:10:\\\"chainQueue\\\";N;s:19:\\\"chainCatchCallbacks\\\";N;}\"},\"createdAt\":1764266180,\"delay\":null}',0,NULL,1764266180,1764266180),(39,'default','{\"uuid\":\"c248895c-7751-4bdd-af84-824ef56c823e\",\"displayName\":\"Illuminate\\\\Notifications\\\\Events\\\\BroadcastNotificationCreated\",\"job\":\"Illuminate\\\\Queue\\\\CallQueuedHandler@call\",\"maxTries\":null,\"maxExceptions\":null,\"failOnTimeout\":false,\"backoff\":null,\"timeout\":null,\"retryUntil\":null,\"data\":{\"commandName\":\"Illuminate\\\\Broadcasting\\\\BroadcastEvent\",\"command\":\"O:38:\\\"Illuminate\\\\Broadcasting\\\\BroadcastEvent\\\":17:{s:5:\\\"event\\\";O:60:\\\"Illuminate\\\\Notifications\\\\Events\\\\BroadcastNotificationCreated\\\":3:{s:10:\\\"notifiable\\\";O:45:\\\"Illuminate\\\\Contracts\\\\Database\\\\ModelIdentifier\\\":5:{s:5:\\\"class\\\";s:15:\\\"App\\\\Models\\\\User\\\";s:2:\\\"id\\\";i:5;s:9:\\\"relations\\\";a:0:{}s:10:\\\"connection\\\";s:5:\\\"mysql\\\";s:15:\\\"collectionClass\\\";N;}s:12:\\\"notification\\\";O:44:\\\"App\\\\Notifications\\\\ComplaintMoreInfoRequested\\\":3:{s:12:\\\"\\u0000*\\u0000complaint\\\";O:45:\\\"Illuminate\\\\Contracts\\\\Database\\\\ModelIdentifier\\\":5:{s:5:\\\"class\\\";s:20:\\\"App\\\\Models\\\\Complaint\\\";s:2:\\\"id\\\";i:1;s:9:\\\"relations\\\";a:3:{i:0;s:10:\\\"statusLogs\\\";i:1;s:5:\\\"files\\\";i:2;s:4:\\\"user\\\";}s:10:\\\"connection\\\";s:5:\\\"mysql\\\";s:15:\\\"collectionClass\\\";N;}s:10:\\\"\\u0000*\\u0000message\\\";s:39:\\\"حدد موقع المشكلة بدقة\\\";s:2:\\\"id\\\";s:36:\\\"0d098fe5-0d91-4927-a52c-01259a127a72\\\";}s:4:\\\"data\\\";a:4:{s:12:\\\"complaint_id\\\";i:1;s:7:\\\"message\\\";s:39:\\\"حدد موقع المشكلة بدقة\\\";s:6:\\\"status\\\";s:14:\\\"need_more_info\\\";s:4:\\\"text\\\";s:52:\\\"تم طلب معلومات إضافية للشكوى\\\";}}s:5:\\\"tries\\\";N;s:7:\\\"timeout\\\";N;s:7:\\\"backoff\\\";N;s:13:\\\"maxExceptions\\\";N;s:23:\\\"deleteWhenMissingModels\\\";b:1;s:10:\\\"connection\\\";N;s:5:\\\"queue\\\";N;s:12:\\\"messageGroup\\\";N;s:12:\\\"deduplicator\\\";N;s:5:\\\"delay\\\";N;s:11:\\\"afterCommit\\\";N;s:10:\\\"middleware\\\";a:0:{}s:7:\\\"chained\\\";a:0:{}s:15:\\\"chainConnection\\\";N;s:10:\\\"chainQueue\\\";N;s:19:\\\"chainCatchCallbacks\\\";N;}\"},\"createdAt\":1764266216,\"delay\":null}',0,NULL,1764266216,1764266216),(40,'default','{\"uuid\":\"9f601276-9e07-43b7-abde-141b30bc06a6\",\"displayName\":\"Illuminate\\\\Notifications\\\\Events\\\\BroadcastNotificationCreated\",\"job\":\"Illuminate\\\\Queue\\\\CallQueuedHandler@call\",\"maxTries\":null,\"maxExceptions\":null,\"failOnTimeout\":false,\"backoff\":null,\"timeout\":null,\"retryUntil\":null,\"data\":{\"commandName\":\"Illuminate\\\\Broadcasting\\\\BroadcastEvent\",\"command\":\"O:38:\\\"Illuminate\\\\Broadcasting\\\\BroadcastEvent\\\":17:{s:5:\\\"event\\\";O:60:\\\"Illuminate\\\\Notifications\\\\Events\\\\BroadcastNotificationCreated\\\":3:{s:10:\\\"notifiable\\\";O:45:\\\"Illuminate\\\\Contracts\\\\Database\\\\ModelIdentifier\\\":5:{s:5:\\\"class\\\";s:15:\\\"App\\\\Models\\\\User\\\";s:2:\\\"id\\\";i:5;s:9:\\\"relations\\\";a:0:{}s:10:\\\"connection\\\";s:5:\\\"mysql\\\";s:15:\\\"collectionClass\\\";N;}s:12:\\\"notification\\\";O:44:\\\"App\\\\Notifications\\\\ComplaintMoreInfoRequested\\\":3:{s:12:\\\"\\u0000*\\u0000complaint\\\";O:45:\\\"Illuminate\\\\Contracts\\\\Database\\\\ModelIdentifier\\\":5:{s:5:\\\"class\\\";s:20:\\\"App\\\\Models\\\\Complaint\\\";s:2:\\\"id\\\";i:1;s:9:\\\"relations\\\";a:3:{i:0;s:10:\\\"statusLogs\\\";i:1;s:5:\\\"files\\\";i:2;s:4:\\\"user\\\";}s:10:\\\"connection\\\";s:5:\\\"mysql\\\";s:15:\\\"collectionClass\\\";N;}s:10:\\\"\\u0000*\\u0000message\\\";s:39:\\\"حدد موقع المشكلة بدقة\\\";s:2:\\\"id\\\";s:36:\\\"5c55e6dc-44d2-4dbb-9cb7-57ec8e610f7f\\\";}s:4:\\\"data\\\";a:4:{s:12:\\\"complaint_id\\\";i:1;s:7:\\\"message\\\";s:39:\\\"حدد موقع المشكلة بدقة\\\";s:6:\\\"status\\\";s:14:\\\"need_more_info\\\";s:4:\\\"text\\\";s:52:\\\"تم طلب معلومات إضافية للشكوى\\\";}}s:5:\\\"tries\\\";N;s:7:\\\"timeout\\\";N;s:7:\\\"backoff\\\";N;s:13:\\\"maxExceptions\\\";N;s:23:\\\"deleteWhenMissingModels\\\";b:1;s:10:\\\"connection\\\";N;s:5:\\\"queue\\\";N;s:12:\\\"messageGroup\\\";N;s:12:\\\"deduplicator\\\";N;s:5:\\\"delay\\\";N;s:11:\\\"afterCommit\\\";N;s:10:\\\"middleware\\\";a:0:{}s:7:\\\"chained\\\";a:0:{}s:15:\\\"chainConnection\\\";N;s:10:\\\"chainQueue\\\";N;s:19:\\\"chainCatchCallbacks\\\";N;}\"},\"createdAt\":1764266323,\"delay\":null}',0,NULL,1764266323,1764266323),(41,'default','{\"uuid\":\"1d33c0b4-08da-4b9b-8350-901f51b11d63\",\"displayName\":\"Illuminate\\\\Notifications\\\\Events\\\\BroadcastNotificationCreated\",\"job\":\"Illuminate\\\\Queue\\\\CallQueuedHandler@call\",\"maxTries\":null,\"maxExceptions\":null,\"failOnTimeout\":false,\"backoff\":null,\"timeout\":null,\"retryUntil\":null,\"data\":{\"commandName\":\"Illuminate\\\\Broadcasting\\\\BroadcastEvent\",\"command\":\"O:38:\\\"Illuminate\\\\Broadcasting\\\\BroadcastEvent\\\":17:{s:5:\\\"event\\\";O:60:\\\"Illuminate\\\\Notifications\\\\Events\\\\BroadcastNotificationCreated\\\":3:{s:10:\\\"notifiable\\\";O:45:\\\"Illuminate\\\\Contracts\\\\Database\\\\ModelIdentifier\\\":5:{s:5:\\\"class\\\";s:15:\\\"App\\\\Models\\\\User\\\";s:2:\\\"id\\\";i:5;s:9:\\\"relations\\\";a:0:{}s:10:\\\"connection\\\";s:5:\\\"mysql\\\";s:15:\\\"collectionClass\\\";N;}s:12:\\\"notification\\\";O:44:\\\"App\\\\Notifications\\\\ComplaintMoreInfoRequested\\\":3:{s:12:\\\"\\u0000*\\u0000complaint\\\";O:45:\\\"Illuminate\\\\Contracts\\\\Database\\\\ModelIdentifier\\\":5:{s:5:\\\"class\\\";s:20:\\\"App\\\\Models\\\\Complaint\\\";s:2:\\\"id\\\";i:1;s:9:\\\"relations\\\";a:3:{i:0;s:10:\\\"statusLogs\\\";i:1;s:5:\\\"files\\\";i:2;s:4:\\\"user\\\";}s:10:\\\"connection\\\";s:5:\\\"mysql\\\";s:15:\\\"collectionClass\\\";N;}s:10:\\\"\\u0000*\\u0000message\\\";s:39:\\\"حدد موقع المشكلة بدقة\\\";s:2:\\\"id\\\";s:36:\\\"dffb21c7-027c-4206-a1a7-b265381d353e\\\";}s:4:\\\"data\\\";a:4:{s:12:\\\"complaint_id\\\";i:1;s:7:\\\"message\\\";s:39:\\\"حدد موقع المشكلة بدقة\\\";s:6:\\\"status\\\";s:14:\\\"need_more_info\\\";s:4:\\\"text\\\";s:52:\\\"تم طلب معلومات إضافية للشكوى\\\";}}s:5:\\\"tries\\\";N;s:7:\\\"timeout\\\";N;s:7:\\\"backoff\\\";N;s:13:\\\"maxExceptions\\\";N;s:23:\\\"deleteWhenMissingModels\\\";b:1;s:10:\\\"connection\\\";N;s:5:\\\"queue\\\";N;s:12:\\\"messageGroup\\\";N;s:12:\\\"deduplicator\\\";N;s:5:\\\"delay\\\";N;s:11:\\\"afterCommit\\\";N;s:10:\\\"middleware\\\";a:0:{}s:7:\\\"chained\\\";a:0:{}s:15:\\\"chainConnection\\\";N;s:10:\\\"chainQueue\\\";N;s:19:\\\"chainCatchCallbacks\\\";N;}\"},\"createdAt\":1764266376,\"delay\":null}',0,NULL,1764266376,1764266376);
/*!40000 ALTER TABLE `jobs` ENABLE KEYS */;
UNLOCK TABLES;

--
-- Table structure for table `migrations`
--

DROP TABLE IF EXISTS `migrations`;
/*!40101 SET @saved_cs_client     = @@character_set_client */;
/*!40101 SET character_set_client = utf8 */;
CREATE TABLE `migrations` (
  `id` int(10) unsigned NOT NULL AUTO_INCREMENT,
  `migration` varchar(255) NOT NULL,
  `batch` int(11) NOT NULL,
  PRIMARY KEY (`id`)
) ENGINE=InnoDB AUTO_INCREMENT=14 DEFAULT CHARSET=utf8mb4 COLLATE=utf8mb4_unicode_ci;
/*!40101 SET character_set_client = @saved_cs_client */;

--
-- Dumping data for table `migrations`
--

LOCK TABLES `migrations` WRITE;
/*!40000 ALTER TABLE `migrations` DISABLE KEYS */;
INSERT INTO `migrations` VALUES (1,'0001_01_00_0000000_create_departments_table',1),(2,'0001_01_01_000000_create_users_table',1),(3,'0001_01_01_000001_create_cache_table',1),(4,'0001_01_01_000002_create_jobs_table',1),(5,'2019_05_11_000000_create_otps_table',1),(6,'2025_10_11_070330_create_personal_access_tokens_table',1),(7,'2025_10_11_071540_create_permission_tables',1),(8,'2025_11_17_100359_create_refresh_tokens_table',1),(9,'2025_11_17_211402_create_complaints_table',1),(10,'2025_11_17_213149_create_complaint_files_table',1),(11,'2025_11_23_161853_create_complaint_status_logs_table',1),(12,'2025_11_25_102616_create_notifications_table',2),(13,'2025_12_08_062739_create_audit_logs_table',3);
/*!40000 ALTER TABLE `migrations` ENABLE KEYS */;
UNLOCK TABLES;

--
-- Table structure for table `model_has_permissions`
--

DROP TABLE IF EXISTS `model_has_permissions`;
/*!40101 SET @saved_cs_client     = @@character_set_client */;
/*!40101 SET character_set_client = utf8 */;
CREATE TABLE `model_has_permissions` (
  `permission_id` bigint(20) unsigned NOT NULL,
  `model_type` varchar(255) NOT NULL,
  `model_id` bigint(20) unsigned NOT NULL,
  PRIMARY KEY (`permission_id`,`model_id`,`model_type`),
  KEY `model_has_permissions_model_id_model_type_index` (`model_id`,`model_type`),
  CONSTRAINT `model_has_permissions_permission_id_foreign` FOREIGN KEY (`permission_id`) REFERENCES `permissions` (`id`) ON DELETE CASCADE
) ENGINE=InnoDB DEFAULT CHARSET=utf8mb4 COLLATE=utf8mb4_unicode_ci;
/*!40101 SET character_set_client = @saved_cs_client */;

--
-- Dumping data for table `model_has_permissions`
--

LOCK TABLES `model_has_permissions` WRITE;
/*!40000 ALTER TABLE `model_has_permissions` DISABLE KEYS */;
/*!40000 ALTER TABLE `model_has_permissions` ENABLE KEYS */;
UNLOCK TABLES;

--
-- Table structure for table `model_has_roles`
--

DROP TABLE IF EXISTS `model_has_roles`;
/*!40101 SET @saved_cs_client     = @@character_set_client */;
/*!40101 SET character_set_client = utf8 */;
CREATE TABLE `model_has_roles` (
  `role_id` bigint(20) unsigned NOT NULL,
  `model_type` varchar(255) NOT NULL,
  `model_id` bigint(20) unsigned NOT NULL,
  PRIMARY KEY (`role_id`,`model_id`,`model_type`),
  KEY `model_has_roles_model_id_model_type_index` (`model_id`,`model_type`),
  CONSTRAINT `model_has_roles_role_id_foreign` FOREIGN KEY (`role_id`) REFERENCES `roles` (`id`) ON DELETE CASCADE
) ENGINE=InnoDB DEFAULT CHARSET=utf8mb4 COLLATE=utf8mb4_unicode_ci;
/*!40101 SET character_set_client = @saved_cs_client */;

--
-- Dumping data for table `model_has_roles`
--

LOCK TABLES `model_has_roles` WRITE;
/*!40000 ALTER TABLE `model_has_roles` DISABLE KEYS */;
INSERT INTO `model_has_roles` VALUES (1,'App\\Models\\User',1),(2,'App\\Models\\User',4),(2,'App\\Models\\User',5),(3,'App\\Models\\User',2),(3,'App\\Models\\User',3),(3,'App\\Models\\User',6);
/*!40000 ALTER TABLE `model_has_roles` ENABLE KEYS */;
UNLOCK TABLES;

--
-- Table structure for table `notifications`
--

DROP TABLE IF EXISTS `notifications`;
/*!40101 SET @saved_cs_client     = @@character_set_client */;
/*!40101 SET character_set_client = utf8 */;
CREATE TABLE `notifications` (
  `id` char(36) NOT NULL,
  `type` varchar(255) NOT NULL,
  `notifiable_type` varchar(255) NOT NULL,
  `notifiable_id` bigint(20) unsigned NOT NULL,
  `data` text NOT NULL,
  `read_at` timestamp NULL DEFAULT NULL,
  `created_at` timestamp NULL DEFAULT NULL,
  `updated_at` timestamp NULL DEFAULT NULL,
  PRIMARY KEY (`id`),
  KEY `notifications_notifiable_type_notifiable_id_index` (`notifiable_type`,`notifiable_id`)
) ENGINE=InnoDB DEFAULT CHARSET=utf8mb4 COLLATE=utf8mb4_unicode_ci;
/*!40101 SET character_set_client = @saved_cs_client */;

--
-- Dumping data for table `notifications`
--

LOCK TABLES `notifications` WRITE;
/*!40000 ALTER TABLE `notifications` DISABLE KEYS */;
INSERT INTO `notifications` VALUES ('07e81ec1-9491-49ed-8c90-e26ad1ad3529','App\\Notifications\\ComplaintMoreInfoRequested','App\\Models\\User',5,'{\"complaint_id\":1,\"message\":\"\\u062d\\u062f\\u062f \\u0645\\u0648\\u0642\\u0639 \\u0627\\u0644\\u0645\\u0634\\u0643\\u0644\\u0629 \\u0628\\u062f\\u0642\\u0629\",\"status\":\"need_more_info\",\"text\":\"\\u062a\\u0645 \\u0637\\u0644\\u0628 \\u0645\\u0639\\u0644\\u0648\\u0645\\u0627\\u062a \\u0625\\u0636\\u0627\\u0641\\u064a\\u0629 \\u0644\\u0644\\u0634\\u0643\\u0648\\u0649\"}',NULL,'2025-11-26 00:35:26','2025-11-26 00:35:26'),('0ad5ca67-f7e7-4edb-9a54-01be2a40bffe','App\\Notifications\\ComplaintStatusUpdated','App\\Models\\User',5,'{\"complaint_id\":1,\"new_status\":\"rejected\",\"message\":\"\\u062a\\u0645 \\u062a\\u062d\\u062f\\u064a\\u062b \\u062d\\u0627\\u0644\\u0629 \\u0627\\u0644\\u0634\\u0643\\u0648\\u0649 \\u0625\\u0644\\u0649: rejected\"}','2025-11-26 02:50:34','2025-11-25 08:05:11','2025-11-25 08:05:11'),('0d098fe5-0d91-4927-a52c-01259a127a72','App\\Notifications\\ComplaintMoreInfoRequested','App\\Models\\User',5,'{\"complaint_id\":1,\"message\":\"\\u062d\\u062f\\u062f \\u0645\\u0648\\u0642\\u0639 \\u0627\\u0644\\u0645\\u0634\\u0643\\u0644\\u0629 \\u0628\\u062f\\u0642\\u0629\",\"status\":\"need_more_info\",\"text\":\"\\u062a\\u0645 \\u0637\\u0644\\u0628 \\u0645\\u0639\\u0644\\u0648\\u0645\\u0627\\u062a \\u0625\\u0636\\u0627\\u0641\\u064a\\u0629 \\u0644\\u0644\\u0634\\u0643\\u0648\\u0649\"}',NULL,'2025-11-27 14:56:56','2025-11-27 14:56:56'),('14c90810-baa0-4206-a3cf-dff6e42cae8d','App\\Notifications\\ComplaintStatusUpdated','App\\Models\\User',5,'{\"complaint_id\":4,\"new_status\":\"processing\",\"message\":\"\\u062a\\u0645 \\u062a\\u062d\\u062f\\u064a\\u062b \\u062d\\u0627\\u0644\\u0629 \\u0627\\u0644\\u0634\\u0643\\u0648\\u0649 \\u0625\\u0644\\u0649: processing\"}',NULL,'2025-11-25 23:56:49','2025-11-25 23:56:49'),('491ad110-627a-4fda-ac40-767761785885','App\\Notifications\\ComplaintStatusUpdated','App\\Models\\User',5,'{\"complaint_id\":4,\"new_status\":\"rejected\",\"message\":\"\\u062a\\u0645 \\u062a\\u062d\\u062f\\u064a\\u062b \\u062d\\u0627\\u0644\\u0629 \\u0627\\u0644\\u0634\\u0643\\u0648\\u0649 \\u0625\\u0644\\u0649: rejected\"}',NULL,'2025-11-25 23:57:32','2025-11-25 23:57:32'),('54b18995-054f-48ec-b926-4e90d96f066c','App\\Notifications\\ComplaintStatusUpdated','App\\Models\\User',5,'{\"complaint_id\":1,\"new_status\":\"rejected\",\"message\":\"\\u062a\\u0645 \\u062a\\u062d\\u062f\\u064a\\u062b \\u062d\\u0627\\u0644\\u0629 \\u0627\\u0644\\u0634\\u0643\\u0648\\u0649 \\u0625\\u0644\\u0649: rejected\"}',NULL,'2025-11-25 07:44:30','2025-11-25 07:44:30'),('577195a1-8864-4a39-a573-de733fec7988','App\\Notifications\\ComplaintStatusUpdated','App\\Models\\User',5,'{\"complaint_id\":1,\"new_status\":\"processing\",\"message\":\"\\u062a\\u0645 \\u062a\\u062d\\u062f\\u064a\\u062b \\u062d\\u0627\\u0644\\u0629 \\u0627\\u0644\\u0634\\u0643\\u0648\\u0649 \\u0625\\u0644\\u0649: processing\"}',NULL,'2025-11-25 08:21:03','2025-11-25 08:21:03'),('5bddeb93-067d-4c16-8f68-cdb250f5c8df','App\\Notifications\\ComplaintNoteAdded','App\\Models\\User',5,'{\"complaint_id\":1,\"note\":\"\\u0647\\u0630\\u0647 \\u0627\\u0644\\u0634\\u0643\\u0648\\u0649 \\u0633\\u062a\\u062a\\u0623\\u062e\\u0631 \\u0644 \\u064a\\u0648\\u0645\\u064a\\u0646 \\u0628\\u0633\\u0628 \\u0646\\u0642\\u0635 \\u0627\\u0644\\u0645\\u0639\\u062f\\u0627\\u062a\",\"message\":\"\\u062a\\u0645 \\u0625\\u0636\\u0627\\u0641\\u0629 \\u0645\\u0644\\u0627\\u062d\\u0638\\u0629 \\u062c\\u062f\\u064a\\u062f\\u0629 \\u0639\\u0644\\u0649 \\u0627\\u0644\\u0634\\u0643\\u0648\\u0649.\"}',NULL,'2025-11-26 00:05:30','2025-11-26 00:05:30'),('5c55e6dc-44d2-4dbb-9cb7-57ec8e610f7f','App\\Notifications\\ComplaintMoreInfoRequested','App\\Models\\User',5,'{\"complaint_id\":1,\"message\":\"\\u062d\\u062f\\u062f \\u0645\\u0648\\u0642\\u0639 \\u0627\\u0644\\u0645\\u0634\\u0643\\u0644\\u0629 \\u0628\\u062f\\u0642\\u0629\",\"status\":\"need_more_info\",\"text\":\"\\u062a\\u0645 \\u0637\\u0644\\u0628 \\u0645\\u0639\\u0644\\u0648\\u0645\\u0627\\u062a \\u0625\\u0636\\u0627\\u0641\\u064a\\u0629 \\u0644\\u0644\\u0634\\u0643\\u0648\\u0649\"}',NULL,'2025-11-27 14:58:43','2025-11-27 14:58:43'),('621b91b3-a0ad-4b2b-a17f-e5e792d9e85e','App\\Notifications\\ComplaintMoreInfoRequested','App\\Models\\User',5,'{\"complaint_id\":1,\"message\":\"\\u062d\\u062f\\u062f \\u0645\\u0648\\u0642\\u0639 \\u0627\\u0644\\u0645\\u0634\\u0643\\u0644\\u0629 \\u0628\\u062f\\u0642\\u0629\",\"status\":\"need_more_info\",\"text\":\"\\u062a\\u0645 \\u0637\\u0644\\u0628 \\u0645\\u0639\\u0644\\u0648\\u0645\\u0627\\u062a \\u0625\\u0636\\u0627\\u0641\\u064a\\u0629 \\u0644\\u0644\\u0634\\u0643\\u0648\\u0649\"}',NULL,'2025-11-27 14:55:46','2025-11-27 14:55:46'),('6412ff7c-5f47-43a7-bbad-d2289d2f33e9','App\\Notifications\\ComplaintStatusUpdated','App\\Models\\User',5,'{\"complaint_id\":1,\"new_status\":\"processing\",\"message\":\"\\u062a\\u0645 \\u062a\\u062d\\u062f\\u064a\\u062b \\u062d\\u0627\\u0644\\u0629 \\u0627\\u0644\\u0634\\u0643\\u0648\\u0649 \\u0625\\u0644\\u0649: processing\"}',NULL,'2025-11-25 07:28:39','2025-11-25 07:28:39'),('6d18e0e9-2120-4b36-bccf-4ee9a1c29593','App\\Notifications\\ComplaintStatusUpdated','App\\Models\\User',5,'{\"complaint_id\":1,\"new_status\":\"rejected\",\"message\":\"\\u062a\\u0645 \\u062a\\u062d\\u062f\\u064a\\u062b \\u062d\\u0627\\u0644\\u0629 \\u0627\\u0644\\u0634\\u0643\\u0648\\u0649 \\u0625\\u0644\\u0649: rejected\"}',NULL,'2025-11-25 07:41:30','2025-11-25 07:41:30'),('7d996052-3dcd-41f8-aaac-3e16073daf8a','App\\Notifications\\ComplaintStatusUpdated','App\\Models\\User',5,'{\"complaint_id\":1,\"new_status\":\"processing\",\"message\":\"\\u062a\\u0645 \\u062a\\u062d\\u062f\\u064a\\u062b \\u062d\\u0627\\u0644\\u0629 \\u0627\\u0644\\u0634\\u0643\\u0648\\u0649 \\u0625\\u0644\\u0649: processing\"}',NULL,'2025-11-25 08:21:35','2025-11-25 08:21:35'),('83301b24-5e0a-405e-91bd-b2078f20bcce','App\\Notifications\\ComplaintStatusUpdated','App\\Models\\User',5,'{\"complaint_id\":4,\"new_status\":\"processing\",\"message\":\"\\u062a\\u0645 \\u062a\\u062d\\u062f\\u064a\\u062b \\u062d\\u0627\\u0644\\u0629 \\u0627\\u0644\\u0634\\u0643\\u0648\\u0649 \\u0625\\u0644\\u0649: processing\"}',NULL,'2025-11-25 08:23:29','2025-11-25 08:23:29'),('8ea7d7af-35ba-4579-a60a-ca504dee40e8','App\\Notifications\\ComplaintNoteAdded','App\\Models\\User',5,'{\"complaint_id\":1,\"note\":\"\\u0647\\u0630\\u0647 \\u0627\\u0644\\u0634\\u0643\\u0648\\u0649 \\u0633\\u062a\\u062a\\u0623\\u062e\\u0631 \\u0644 \\u064a\\u0648\\u0645\\u064a\\u0646 \\u0628\\u0633\\u0628 \\u0646\\u0642\\u0635 \\u0627\\u0644\\u0645\\u0639\\u062f\\u0627\\u062a\",\"message\":\"\\u062a\\u0645 \\u0625\\u0636\\u0627\\u0641\\u0629 \\u0645\\u0644\\u0627\\u062d\\u0638\\u0629 \\u062c\\u062f\\u064a\\u062f\\u0629 \\u0639\\u0644\\u0649 \\u0627\\u0644\\u0634\\u0643\\u0648\\u0649.\"}',NULL,'2025-11-26 00:01:36','2025-11-26 00:01:36'),('a9623528-893c-43c9-8f78-99920f928f93','App\\Notifications\\ComplaintMoreInfoRequested','App\\Models\\User',5,'{\"complaint_id\":1,\"message\":\"\\u062d\\u062f\\u062f \\u0645\\u0648\\u0642\\u0639 \\u0627\\u0644\\u0645\\u0634\\u0643\\u0644\\u0629 \\u0628\\u062f\\u0642\\u0629\",\"status\":\"need_more_info\",\"text\":\"\\u062a\\u0645 \\u0637\\u0644\\u0628 \\u0645\\u0639\\u0644\\u0648\\u0645\\u0627\\u062a \\u0625\\u0636\\u0627\\u0641\\u064a\\u0629 \\u0644\\u0644\\u0634\\u0643\\u0648\\u0649\"}',NULL,'2025-11-27 14:56:20','2025-11-27 14:56:20'),('cdc4b7d6-ff94-4f1c-946e-0f93670f60b8','App\\Notifications\\ComplaintStatusUpdated','App\\Models\\User',5,'{\"complaint_id\":1,\"new_status\":\"rejected\",\"message\":\"\\u062a\\u0645 \\u062a\\u062d\\u062f\\u064a\\u062b \\u062d\\u0627\\u0644\\u0629 \\u0627\\u0644\\u0634\\u0643\\u0648\\u0649 \\u0625\\u0644\\u0649: rejected\"}',NULL,'2025-11-25 08:14:03','2025-11-25 08:14:03'),('d6edcc78-b800-4154-bd20-da636a7d5e76','App\\Notifications\\ComplaintStatusUpdated','App\\Models\\User',5,'{\"complaint_id\":4,\"new_status\":\"processing\",\"message\":\"\\u062a\\u0645 \\u062a\\u062d\\u062f\\u064a\\u062b \\u062d\\u0627\\u0644\\u0629 \\u0627\\u0644\\u0634\\u0643\\u0648\\u0649 \\u0625\\u0644\\u0649: processing\"}',NULL,'2025-11-25 08:25:53','2025-11-25 08:25:53'),('dce05e79-cbab-4a48-9eb1-221cb2969bd2','App\\Notifications\\ComplaintMoreInfoRequested','App\\Models\\User',5,'{\"complaint_id\":1,\"message\":\"\\u062d\\u062f\\u062f \\u0645\\u0648\\u0642\\u0639 \\u0627\\u0644\\u0645\\u0634\\u0643\\u0644\\u0629 \\u0628\\u062f\\u0642\\u0629\",\"status\":\"need_more_info\",\"text\":\"\\u062a\\u0645 \\u0637\\u0644\\u0628 \\u0645\\u0639\\u0644\\u0648\\u0645\\u0627\\u062a \\u0625\\u0636\\u0627\\u0641\\u064a\\u0629 \\u0644\\u0644\\u0634\\u0643\\u0648\\u0649\"}',NULL,'2025-11-27 14:54:42','2025-11-27 14:54:42'),('dffb21c7-027c-4206-a1a7-b265381d353e','App\\Notifications\\ComplaintMoreInfoRequested','App\\Models\\User',5,'{\"complaint_id\":1,\"message\":\"\\u062d\\u062f\\u062f \\u0645\\u0648\\u0642\\u0639 \\u0627\\u0644\\u0645\\u0634\\u0643\\u0644\\u0629 \\u0628\\u062f\\u0642\\u0629\",\"status\":\"need_more_info\",\"text\":\"\\u062a\\u0645 \\u0637\\u0644\\u0628 \\u0645\\u0639\\u0644\\u0648\\u0645\\u0627\\u062a \\u0625\\u0636\\u0627\\u0641\\u064a\\u0629 \\u0644\\u0644\\u0634\\u0643\\u0648\\u0649\"}',NULL,'2025-11-27 14:59:36','2025-11-27 14:59:36');
/*!40000 ALTER TABLE `notifications` ENABLE KEYS */;
UNLOCK TABLES;

--
-- Table structure for table `otps`
--

DROP TABLE IF EXISTS `otps`;
/*!40101 SET @saved_cs_client     = @@character_set_client */;
/*!40101 SET character_set_client = utf8 */;
CREATE TABLE `otps` (
  `id` int(10) unsigned NOT NULL AUTO_INCREMENT,
  `identifier` varchar(255) NOT NULL,
  `token` varchar(255) NOT NULL,
  `validity` int(11) NOT NULL,
  `valid` tinyint(1) NOT NULL DEFAULT 1,
  `created_at` timestamp NULL DEFAULT NULL,
  `updated_at` timestamp NULL DEFAULT NULL,
  PRIMARY KEY (`id`),
  KEY `otps_id_index` (`id`)
) ENGINE=InnoDB AUTO_INCREMENT=3 DEFAULT CHARSET=utf8mb4 COLLATE=utf8mb4_unicode_ci;
/*!40101 SET character_set_client = @saved_cs_client */;

--
-- Dumping data for table `otps`
--

LOCK TABLES `otps` WRITE;
/*!40000 ALTER TABLE `otps` DISABLE KEYS */;
INSERT INTO `otps` VALUES (1,'aboudowais@gmail.com','177185',30,1,'2025-11-25 06:41:17','2025-11-25 06:41:17'),(2,'aaa@gmail.com','074613',30,1,'2025-11-25 06:42:06','2025-11-25 06:42:06');
/*!40000 ALTER TABLE `otps` ENABLE KEYS */;
UNLOCK TABLES;

--
-- Table structure for table `password_reset_tokens`
--

DROP TABLE IF EXISTS `password_reset_tokens`;
/*!40101 SET @saved_cs_client     = @@character_set_client */;
/*!40101 SET character_set_client = utf8 */;
CREATE TABLE `password_reset_tokens` (
  `email` varchar(255) NOT NULL,
  `token` varchar(255) NOT NULL,
  `created_at` timestamp NULL DEFAULT NULL,
  PRIMARY KEY (`email`)
) ENGINE=InnoDB DEFAULT CHARSET=utf8mb4 COLLATE=utf8mb4_unicode_ci;
/*!40101 SET character_set_client = @saved_cs_client */;

--
-- Dumping data for table `password_reset_tokens`
--

LOCK TABLES `password_reset_tokens` WRITE;
/*!40000 ALTER TABLE `password_reset_tokens` DISABLE KEYS */;
/*!40000 ALTER TABLE `password_reset_tokens` ENABLE KEYS */;
UNLOCK TABLES;

--
-- Table structure for table `permissions`
--

DROP TABLE IF EXISTS `permissions`;
/*!40101 SET @saved_cs_client     = @@character_set_client */;
/*!40101 SET character_set_client = utf8 */;
CREATE TABLE `permissions` (
  `id` bigint(20) unsigned NOT NULL AUTO_INCREMENT,
  `name` varchar(255) NOT NULL,
  `guard_name` varchar(255) NOT NULL,
  `created_at` timestamp NULL DEFAULT NULL,
  `updated_at` timestamp NULL DEFAULT NULL,
  PRIMARY KEY (`id`),
  UNIQUE KEY `permissions_name_guard_name_unique` (`name`,`guard_name`)
) ENGINE=InnoDB AUTO_INCREMENT=18 DEFAULT CHARSET=utf8mb4 COLLATE=utf8mb4_unicode_ci;
/*!40101 SET character_set_client = @saved_cs_client */;

--
-- Dumping data for table `permissions`
--

LOCK TABLES `permissions` WRITE;
/*!40000 ALTER TABLE `permissions` DISABLE KEYS */;
INSERT INTO `permissions` VALUES (1,'submit complaint','api','2025-11-25 06:38:32','2025-11-25 06:38:32'),(2,'view own complaints','api','2025-11-25 06:38:32','2025-11-25 06:38:32'),(3,'update profile','api','2025-11-25 06:38:32','2025-11-25 06:38:32'),(4,'close complaint','api','2025-11-25 06:38:32','2025-11-25 06:38:32'),(5,'view department complaints','api','2025-11-25 06:38:32','2025-11-25 06:38:32'),(6,'change complaint status','api','2025-11-25 06:38:32','2025-11-25 06:38:32'),(7,'add employee note','api','2025-11-25 06:38:32','2025-11-25 06:38:32'),(8,'reply to citizen','api','2025-11-25 06:38:32','2025-11-25 06:38:32'),(9,'archive complaint','api','2025-11-25 06:38:32','2025-11-25 06:38:32'),(10,'view all complaints','api','2025-11-25 06:38:32','2025-11-25 06:38:32'),(11,'manage users','api','2025-11-25 06:38:32','2025-11-25 06:38:32'),(12,'manage employees','api','2025-11-25 06:38:32','2025-11-25 06:38:32'),(13,'manage roles','api','2025-11-25 06:38:32','2025-11-25 06:38:32'),(14,'manage departments','api','2025-11-25 06:38:32','2025-11-25 06:38:32'),(15,'system settings','api','2025-11-25 06:38:32','2025-11-25 06:38:32'),(16,'view analytics','api','2025-11-25 06:38:32','2025-11-25 06:38:32'),(17,'export reports','api','2025-11-25 06:38:32','2025-11-25 06:38:32');
/*!40000 ALTER TABLE `permissions` ENABLE KEYS */;
UNLOCK TABLES;

--
-- Table structure for table `personal_access_tokens`
--

DROP TABLE IF EXISTS `personal_access_tokens`;
/*!40101 SET @saved_cs_client     = @@character_set_client */;
/*!40101 SET character_set_client = utf8 */;
CREATE TABLE `personal_access_tokens` (
  `id` bigint(20) unsigned NOT NULL AUTO_INCREMENT,
  `tokenable_type` varchar(255) NOT NULL,
  `tokenable_id` bigint(20) unsigned NOT NULL,
  `name` text NOT NULL,
  `token` varchar(64) NOT NULL,
  `abilities` text DEFAULT NULL,
  `last_used_at` timestamp NULL DEFAULT NULL,
  `expires_at` timestamp NULL DEFAULT NULL,
  `created_at` timestamp NULL DEFAULT NULL,
  `updated_at` timestamp NULL DEFAULT NULL,
  PRIMARY KEY (`id`),
  UNIQUE KEY `personal_access_tokens_token_unique` (`token`),
  KEY `personal_access_tokens_tokenable_type_tokenable_id_index` (`tokenable_type`,`tokenable_id`),
  KEY `personal_access_tokens_expires_at_index` (`expires_at`)
) ENGINE=InnoDB DEFAULT CHARSET=utf8mb4 COLLATE=utf8mb4_unicode_ci;
/*!40101 SET character_set_client = @saved_cs_client */;

--
-- Dumping data for table `personal_access_tokens`
--

LOCK TABLES `personal_access_tokens` WRITE;
/*!40000 ALTER TABLE `personal_access_tokens` DISABLE KEYS */;
/*!40000 ALTER TABLE `personal_access_tokens` ENABLE KEYS */;
UNLOCK TABLES;

--
-- Table structure for table `refresh_tokens`
--

DROP TABLE IF EXISTS `refresh_tokens`;
/*!40101 SET @saved_cs_client     = @@character_set_client */;
/*!40101 SET character_set_client = utf8 */;
CREATE TABLE `refresh_tokens` (
  `id` bigint(20) unsigned NOT NULL AUTO_INCREMENT,
  `user_id` bigint(20) unsigned NOT NULL,
  `token_hash` varchar(255) NOT NULL,
  `device` varchar(255) DEFAULT NULL,
  `ip` varchar(45) DEFAULT NULL,
  `expires_at` timestamp NOT NULL DEFAULT current_timestamp() ON UPDATE current_timestamp(),
  `created_at` timestamp NULL DEFAULT NULL,
  `updated_at` timestamp NULL DEFAULT NULL,
  PRIMARY KEY (`id`),
  KEY `refresh_tokens_user_id_foreign` (`user_id`),
  CONSTRAINT `refresh_tokens_user_id_foreign` FOREIGN KEY (`user_id`) REFERENCES `users` (`id`) ON DELETE CASCADE
) ENGINE=InnoDB AUTO_INCREMENT=20 DEFAULT CHARSET=utf8mb4 COLLATE=utf8mb4_unicode_ci;
/*!40101 SET character_set_client = @saved_cs_client */;

--
-- Dumping data for table `refresh_tokens`
--

LOCK TABLES `refresh_tokens` WRITE;
/*!40000 ALTER TABLE `refresh_tokens` DISABLE KEYS */;
INSERT INTO `refresh_tokens` VALUES (2,4,'43df56ecdeddb48307b2339937eb9dbdd57bd09560596718652b392452f7d126',NULL,NULL,'2025-12-25 06:41:13','2025-11-25 06:41:13','2025-11-25 06:41:13'),(4,3,'9aeb932c3a3a029eefe1a1b625eab9162f231eb02dc18165f5ff63cabcc852ff',NULL,NULL,'2025-12-25 07:03:33','2025-11-25 07:03:33','2025-11-25 07:03:33'),(17,5,'7f0b315417b060b26b0d1d409d01749a7799b0281e090c14ec2c2ac01c960740',NULL,NULL,'2025-12-30 17:57:47','2025-11-30 17:57:47','2025-11-30 17:57:47'),(18,6,'acbaeb7d009923b4e5ac1e7dc82442a53a4d6b869558c3d049e326af5e969db2',NULL,NULL,'2025-12-30 17:57:56','2025-11-30 17:57:56','2025-11-30 17:57:56'),(19,1,'b8bc87498c9101186a98b5028c7f5f4655c023a43bf48182d2879679fb413374',NULL,NULL,'2026-01-07 03:48:56','2025-12-08 03:48:56','2025-12-08 03:48:56');
/*!40000 ALTER TABLE `refresh_tokens` ENABLE KEYS */;
UNLOCK TABLES;

--
-- Table structure for table `role_has_permissions`
--

DROP TABLE IF EXISTS `role_has_permissions`;
/*!40101 SET @saved_cs_client     = @@character_set_client */;
/*!40101 SET character_set_client = utf8 */;
CREATE TABLE `role_has_permissions` (
  `permission_id` bigint(20) unsigned NOT NULL,
  `role_id` bigint(20) unsigned NOT NULL,
  PRIMARY KEY (`permission_id`,`role_id`),
  KEY `role_has_permissions_role_id_foreign` (`role_id`),
  CONSTRAINT `role_has_permissions_permission_id_foreign` FOREIGN KEY (`permission_id`) REFERENCES `permissions` (`id`) ON DELETE CASCADE,
  CONSTRAINT `role_has_permissions_role_id_foreign` FOREIGN KEY (`role_id`) REFERENCES `roles` (`id`) ON DELETE CASCADE
) ENGINE=InnoDB DEFAULT CHARSET=utf8mb4 COLLATE=utf8mb4_unicode_ci;
/*!40101 SET character_set_client = @saved_cs_client */;

--
-- Dumping data for table `role_has_permissions`
--

LOCK TABLES `role_has_permissions` WRITE;
/*!40000 ALTER TABLE `role_has_permissions` DISABLE KEYS */;
INSERT INTO `role_has_permissions` VALUES (1,1),(1,2),(2,1),(2,2),(3,1),(3,2),(4,1),(4,2),(5,1),(5,3),(6,1),(6,3),(7,1),(7,3),(8,1),(8,3),(9,1),(9,3),(10,1),(11,1),(12,1),(13,1),(14,1),(15,1),(16,1),(17,1);
/*!40000 ALTER TABLE `role_has_permissions` ENABLE KEYS */;
UNLOCK TABLES;

--
-- Table structure for table `roles`
--

DROP TABLE IF EXISTS `roles`;
/*!40101 SET @saved_cs_client     = @@character_set_client */;
/*!40101 SET character_set_client = utf8 */;
CREATE TABLE `roles` (
  `id` bigint(20) unsigned NOT NULL AUTO_INCREMENT,
  `name` varchar(255) NOT NULL,
  `guard_name` varchar(255) NOT NULL,
  `created_at` timestamp NULL DEFAULT NULL,
  `updated_at` timestamp NULL DEFAULT NULL,
  PRIMARY KEY (`id`),
  UNIQUE KEY `roles_name_guard_name_unique` (`name`,`guard_name`)
) ENGINE=InnoDB AUTO_INCREMENT=4 DEFAULT CHARSET=utf8mb4 COLLATE=utf8mb4_unicode_ci;
/*!40101 SET character_set_client = @saved_cs_client */;

--
-- Dumping data for table `roles`
--

LOCK TABLES `roles` WRITE;
/*!40000 ALTER TABLE `roles` DISABLE KEYS */;
INSERT INTO `roles` VALUES (1,'admin','api','2025-11-25 06:38:32','2025-11-25 06:38:32'),(2,'citizen','api','2025-11-25 06:38:32','2025-11-25 06:38:32'),(3,'employee','api','2025-11-25 06:38:32','2025-11-25 06:38:32');
/*!40000 ALTER TABLE `roles` ENABLE KEYS */;
UNLOCK TABLES;

--
-- Table structure for table `sessions`
--

DROP TABLE IF EXISTS `sessions`;
/*!40101 SET @saved_cs_client     = @@character_set_client */;
/*!40101 SET character_set_client = utf8 */;
CREATE TABLE `sessions` (
  `id` varchar(255) NOT NULL,
  `user_id` bigint(20) unsigned DEFAULT NULL,
  `ip_address` varchar(45) DEFAULT NULL,
  `user_agent` text DEFAULT NULL,
  `payload` longtext NOT NULL,
  `last_activity` int(11) NOT NULL,
  PRIMARY KEY (`id`),
  KEY `sessions_user_id_index` (`user_id`),
  KEY `sessions_last_activity_index` (`last_activity`)
) ENGINE=InnoDB DEFAULT CHARSET=utf8mb4 COLLATE=utf8mb4_unicode_ci;
/*!40101 SET character_set_client = @saved_cs_client */;

--
-- Dumping data for table `sessions`
--

LOCK TABLES `sessions` WRITE;
/*!40000 ALTER TABLE `sessions` DISABLE KEYS */;
/*!40000 ALTER TABLE `sessions` ENABLE KEYS */;
UNLOCK TABLES;

--
-- Table structure for table `users`
--

DROP TABLE IF EXISTS `users`;
/*!40101 SET @saved_cs_client     = @@character_set_client */;
/*!40101 SET character_set_client = utf8 */;
CREATE TABLE `users` (
  `id` bigint(20) unsigned NOT NULL AUTO_INCREMENT,
  `name` varchar(255) NOT NULL,
  `email` varchar(255) NOT NULL,
  `email_verified_at` timestamp NULL DEFAULT NULL,
  `password` varchar(255) NOT NULL,
  `department_id` bigint(20) unsigned DEFAULT NULL,
  `failed_attempts` int(11) NOT NULL DEFAULT 0,
  `locked_until` timestamp NULL DEFAULT NULL,
  `remember_token` varchar(100) DEFAULT NULL,
  `created_at` timestamp NULL DEFAULT NULL,
  `updated_at` timestamp NULL DEFAULT NULL,
  PRIMARY KEY (`id`),
  UNIQUE KEY `users_email_unique` (`email`),
  KEY `users_department_id_foreign` (`department_id`),
  CONSTRAINT `users_department_id_foreign` FOREIGN KEY (`department_id`) REFERENCES `departments` (`id`) ON DELETE SET NULL
) ENGINE=InnoDB AUTO_INCREMENT=7 DEFAULT CHARSET=utf8mb4 COLLATE=utf8mb4_unicode_ci;
/*!40101 SET character_set_client = @saved_cs_client */;

--
-- Dumping data for table `users`
--

LOCK TABLES `users` WRITE;
/*!40000 ALTER TABLE `users` DISABLE KEYS */;
INSERT INTO `users` VALUES (1,'Super Admin','admin@example.com','2025-11-25 06:38:33','$2y$12$N2gpdJpf4xY2xlPTX/aF8OYOEJLYQz6PRfiOKBF1ppH4ug/GeA73i',NULL,0,NULL,NULL,'2025-11-25 06:38:33','2025-11-25 06:38:33'),(2,'Adimn','aboudowais9@gmail.com','2025-11-25 06:38:33','$2y$12$TzdUDEArt3rozmx6jmRnzeCZrz77CUP/a47XblAbO6cDmmrDUUhJ.',NULL,0,NULL,NULL,'2025-11-25 06:38:33','2025-11-25 06:38:33'),(3,'owais','aboudowais1@gmail.com','2025-11-25 06:40:44','$2y$12$9yuYdJ1wQPlzG3Y8QjLdOO/4sQ4yA3zH3V1xrjkMCdMlVPIn2YmmW',1,1,NULL,NULL,'2025-11-25 06:40:44','2025-11-25 23:44:36'),(4,'waseem','aboudowais@gmail.com',NULL,'$2y$12$EFcAtk3R56vGPCQVW9YLeef9nsrmVN8OkMKYCFnyllz1lXmSVgIfO',NULL,0,NULL,NULL,'2025-11-25 06:41:13','2025-11-25 06:41:13'),(5,'waseem','aaa@gmail.com','2025-11-25 09:42:35','$2y$12$f5ztpHIyt/C8yRwdVEwjn.T24G3Tq.fB7RZMSJNDRjio7OoKuC6lq',NULL,0,NULL,NULL,'2025-11-25 06:42:06','2025-11-25 06:42:06'),(6,'owais','aboud@gmail.com','2025-11-25 07:06:24','$2y$12$dGejUcXDOLyJDNPcAcnrVeu3hc6kUKhfKHkHuqJx2u2FEeTj0H/f2',2,0,NULL,NULL,'2025-11-25 07:06:24','2025-11-25 07:06:24');
/*!40000 ALTER TABLE `users` ENABLE KEYS */;
UNLOCK TABLES;
/*!40103 SET TIME_ZONE=@OLD_TIME_ZONE */;

/*!40101 SET SQL_MODE=@OLD_SQL_MODE */;
/*!40014 SET FOREIGN_KEY_CHECKS=@OLD_FOREIGN_KEY_CHECKS */;
/*!40014 SET UNIQUE_CHECKS=@OLD_UNIQUE_CHECKS */;
/*!40101 SET CHARACTER_SET_CLIENT=@OLD_CHARACTER_SET_CLIENT */;
/*!40101 SET CHARACTER_SET_RESULTS=@OLD_CHARACTER_SET_RESULTS */;
/*!40101 SET COLLATION_CONNECTION=@OLD_COLLATION_CONNECTION */;
/*!40111 SET SQL_NOTES=@OLD_SQL_NOTES */;

-- Dump completed on 2025-12-08 14:26:00
